alpinr2b;Alpine Racer 2;
animaljr;Animalandia Jr.;
crazyfgt;Crazy Fight;
darkhors;Dark Horse;
funkyfig;The First Funky Fighter;
merlinmm;Merlins Money Maze;a
mk4;Mortal Kombat 4;
mwalk;Michael Jackson's Moonwalker;
piratetr;Pirate Treasure;
quasar;Quasar;a
sf;Street Fighter;
sfiii;Street Fighter III: New Generation;
sfiii2;Street Fighter III 2nd Impact: Giant Attack;
sfiii3;Street Fighter III 3rd Strike: Fight for the Future;
spacelnc;Space Launcher;a
spidman;Spider-Man: The Videogame;
sqix;Super Qix;a
puckman;PuckMan;a
nmouse;Naughty Mouse;a
pacplus;Pac-Man Plus;a
mspacman;Ms. Pac-Man;a
crush;Crush Roller;a
eyes;Eyes;a
mrtnt;Mr. TNT;a
eggor;Eggor;a
ponpoko;Ponpoko;
lizwiz;Lizard Wizard;a
bwcasino;Boardwalk Casino;a
dremshpr;Dream Shopper;a
vanvan;Van-Van Car;a
alibaba;Ali Baba and 40 Thieves;a
pengo;Pengo;a
jrpacman;Jr. Pac-Man;a
jumpshot;Jump Shot;a
shootbul;Shoot the Bull;a
bigbucks;Big Bucks;a
drivfrcp;Driving Force;a
porky;Porky;a
megadon;Megadon;a
catapult;Catapult;a
suprglob;Super Glob;a
igmo;IGMO;a
dealer;The Dealer;a
galaxian;Galaxian;a
gmgalax;Ghostmuncher Galaxian;a
pisces;Pisces;a
uniwars;UniWar S;a
warofbug;War of the Bugs or Monsterous Manouvers in a Mushroom Maze;a
redufo;Defend the Terra Attack on the Red UFO;a
streakng;Streaking;a
zigzag;Zig Zag;a
jumpbug;Jump Bug;a
levers;Levers;a
azurian;Azurian Attack;a
orbitron;Orbitron;a
mooncrst;Moon Cresta;a
moonqsr;Moon Quasar;a
mshuttle;Moon Shuttle;
moonal2;Moon Alien Part 2;a
skybase;Sky Base;a
checkman;Check Man;a
dingo;Dingo;a
blkhole;Black Hole;a
kingball;King and Balloon;a
scorpnmc;Scorpion;a
4in1;4 Fun in 1;a
ozon1;Ozon I;a
rockclim;Rock Climber;
scramble;Scramble;a
atlantis;Battle of Atlantis;a
theend;The End;a
triplep;Triple Punch;a
mariner;Mariner;a
mars;Mars;a
devilfsh;Devil Fish;a
newsin7;New Sinbad 7;a
mrkougar;Mr. Kougar;a
hotshock;Hot Shocker;a
cavelon;Cavelon;a
sfx;SF-X;
mimonkey;Mighty Monkey;a
scobra;Super Cobra;a
stratgyx;Strategy X;
armorcar;Armored Car;a
moonwar;Moonwar;a
spdcoin;Speed Coin;a
darkplnt;Dark Planet;
tazmania;Tazz-Mania;a
calipso;Calipso;a
anteater;Anteater;a
rescue;Rescue;a
minefld;Minefield;a
losttomb;Lost Tomb;a
superbon;Super Bond;a
hustler;Video Hustler;a
frogger;Frogger;a
amidar;Amidar;a
turtles;Turtles;a
flyboy;Fly-Boy;a
jumpcoas;Jump Coaster;a
boggy84;Boggy '84;a
redrobin;Red Robin;a
imago;Imago;a
cclimber;Crazy Climber;
ckong;Crazy Kong;a
rpatrolb;River Patrol;
yamato;Yamato;a
swimmer;Swimmer;
guzzler;Guzzler;a
cannonb;Cannon Ball;a
gomoku;Gomoku Narabe Renju;a
wiping;Wiping;a
friskyt;Frisky Tom;
radrad;Radical Radial;
seicross;Seicross;a
firebatl;Fire Battle;a
clshroad;Clash-Road;
tubep;Tube Panic;
rjammer;Roller Jammer;
magmax;Mag Max;
cop01;Cop 01;
mightguy;Mighty Guy;a
terracre;Terra Cresta;a
amazon;Soldier Girl Amazon;a
horekid;Kid no Hore Hore Daisakusen;a
galivan;Galivan - Cosmo Police;a
dangar;Dangar - Ufo Robo;a
ninjemak;Ninja Emaki;a
legion;Legion;a
terraf;Terra Force;
kodure;Kodure Ookami;
armedf;Armed Formation;a
cclimbr2;Crazy Climber 2;
hyhoo;Taisen Quiz HYHOO;a
hyhoo2;Taisen Quiz HYHOO 2;a
pastelgl;Pastel Gal;
crystalg;Crystal Gal;
crystal2;Crystal Gal 2;
citylove;City Love;
apparel;Apparel Night;
secolove;Second Love;
housemnq;House Mannequin;
housemn2;House Mannequin Roppongi Live hen;
seiha;Seiha;
bijokkoy;Bijokko Yume Monogatari;
iemoto;Iemoto;
ojousan;Ojousan;
bijokkog;Bijokko Gakuen;
orangec;Orange Club - Maruhi Kagai Jugyou;
korinai;Mahjong-zukino Korinai Menmen;
kaguya;Mahjong Kaguyahime ;
otonano;Otona no Mahjong;
kanatuen;Kanatsuen no Onna ;
mjsikaku;Mahjong Shikaku;
mjcamera;Mahjong Camera Kozou;
idhimitu;Idol no Himitsu ;
msjiken;Mahjong Satsujin Jiken;a
hanamomo;Mahjong Hana no Momoko gumi;
telmahjn;Telephone Mahjong;a
gionbana;Gionbana;
mjfocus;Mahjong Focus;
scandal;Scandal Mahjong;
mgmen89;Mahjong G-MEN'89;
mjnanpas;Mahjong Nanpa Story;
pairsten;Pairs;
bananadr;Mahjong Banana Dream ;
mladyhtr;Mahjong THE LADY HUNTER;
chinmoku;Mahjong Chinmoku no Hentai;
maiko;Maikobana;
club90s;Mahjong CLUB 90's;
hanaoji;Hana to Ojisan ;
pstadium;Mahjong Panic Stadium;
triplew1;Mahjong Triple Wars;
triplew2;Mahjong Triple Wars 2;
ntopstar;Mahjong Nerae! Top Star;
mjlstory;Mahjong Jikken Love Story;
vanilla;Mahjong Vanilla Syndrome;
qmhayaku;Quiz-Mahjong Hayaku Yatteyo!;
galkoku;Mahjong Gal no Kokuhaku;
galkaika;Mahjong Gal no Kaika;
tokyogal;Tokyo Gal Zukan;
mcontest;Miss Mahjong Contest;
uchuuai;Mahjong Uchuu yori Ai wo komete;
av2mj1bb;AV2Mahjong No.1 Bay Bridge no Seijo;
av2mj2rg;AV2Mahjong No.2 Rouge no Kaori;
mjuraden;Mahjong Uranai Densetsu;
koinomp;Mahjong Koi no Magic Potion;
patimono;Mahjong Pachinko Monogatari;
mjanbari;Medal Mahjong Janjan Baribari ;
ultramhm;Ultra Maru-hi Mahjong;
gal10ren;Mahjong Gal 10-renpatsu;
renaiclb;Mahjong Ren-ai Club;
mjlaman;Mahjong La Man;
mkeibaou;Mahjong Keibaou;
pachiten;Medal Mahjong Pachi-Slot Tengoku ;
sailorws;Mahjong Sailor Wars;
psailor1;Bishoujo Janshi Pretty Sailor 18-kin;
psailor2;Bishoujo Janshi Pretty Sailor 2;
otatidai;Disco Mahjong Otachidai no Okite;
ngpgal;Nekketsu Grand-Prix Gal;
mjgottsu;Mahjong Gottsu ee-kanji;
cmehyou;Mahjong Circuit no Mehyou;
mmehyou;Medal Mahjong Circuit no Mehyou ;
mjkoiura;Mahjong Koi Uranai;
imekura;Imekura Mahjong;
mscoutm;Mahjong Scout Man;
mjegolf;Mahjong Erotica Golf;
niyanpai;Niyanpai;
safarir;Safari Rally;a
phoenix;Phoenix;a
pleiads;Pleiads;a
survival;Survival;a
naughtyb;Naughty Boy;a
popflame;Pop Flamer;a
geebee;Gee Bee;a
bombbee;Bomb Bee;a
cutieq;Cutie Q;a
navalone;Navarone;a
kaitei;Kaitei Takara Sagashi;a
sos;SOS;a
tankbatt;Tank Battalion;a
warpwarp;Warp and Warp;a
rallyx;Rally X;
nrallyx;New Rally X;
jungler;Jungler;a
tactcian;Tactician;a
locomotn;Loco-Motion;a
commsega;Commando;a
bosco;Bosconian;
galaga;Galaga;a
digdug;Dig Dug;a
xevious;Xevious;a
superpac;Super Pac-Man;a
pacnpal;Pac & Pal;a
phozon;Phozon;a
mappy;Mappy;a
digdug2;Dig Dug II;a
todruaga;Tower of Druaga;a
motos;Motos;a
grobda;Grobda;a
gaplus;Gaplus;a
liblrabl;Libble Rabble;
toypop;Toypop;
polepos;Pole Position;
polepos2;Pole Position II;
pacland;Pac-Land;
drgnbstr;Dragon Buster;
skykid;Sky Kid;
baraduke;Baraduke;
metrocrs;Metro-Cross;
hopmappy;Hopping Mappy;
skykiddx;Sky Kid Deluxe;
roishtar;The Return of Ishtar;
genpeitd;Genpei ToumaDen;
rthunder;Rolling Thunder;
wndrmomo;Wonder Momo;
tceptor;Thunder Ceptor;
shadowld;Shadow Land;
dspirit;Dragon Spirit;a
blazer;Blazer;a
quester;Quester;a
pacmania;Pac-Mania;a
galaga88;Galaga '88;a
ws;World Stadium;
berabohm;Beraboh Man;
mmaze;Marchen Maze;
bakutotu;Bakutotsu Kijuutei;
wldcourt;World Court;
splatter;Splatter House;
faceoff;Face Off;
rompers;Rompers;a
blastoff;Blast Off;a
dangseed;Dangerous Seed;a
pistoldm;Pistol Daimyo no Bouken;
boxyboy;Boxy Boy;
puzlclub;Puzzle Club;a
tankfrce;Tank Force;
finallap;Final Lap;
assault;Assault;a
metlhawk;Metal Hawk;a
ordyne;Ordyne;
mirninja;Mirai Ninja;
phelios;Phelios;a
dirtfoxj;Dirt Fox;a
fourtrax;Four Trax;
valkyrie;Valkyrie No Densetsu;a
finehour;Finest Hour;
burnforc;Burning Force;
marvland;Marvel Land;
kyukaidk;Kyuukai Douchuuki;
dsaber;Dragon Saber;a
finalap2;Final Lap 2;
gollygho;Golly! Ghost!;
rthun2;Rolling Thunder 2;
sgunner;Steel Gunner;
sgunner2;Steel Gunner 2;
cosmogng;Cosmo Gang the Video;a
finalap3;Final Lap 3;
luckywld;Lucky and Wild;
suzuka8h;Suzuka 8 Hours;
sws92;Super World Stadium '92;
suzuk8h2;Suzuka 8 Hours 2;
sws93;Super World Stadium '93;
bkrtmaq;Bakuretsu Quiz Ma-Q Dai Bouken;
cgangpzl;Cosmo Gang the Puzzle;
exvania;Exvania;
fghtatck;Fighter and Attacker;a
knckhead;Knuckle Heads;
swcourt;Super World Court;
emeralda;Emeraldia;
numanath;Numan Athletics;
quiztou;Nettou! Gekitou! Quiztou!!;
tinklpit;Tinkle Pit;
xday2;X-Day 2;
nebulray;Nebulas Ray;a
ptblank;Point Blank;
gslgr94u;Great Sluggers '94;
sws95;Super World Stadium '95;
sws96;Super World Stadium '96;
sws97;Super World Stadium '97;
vshoot;J-League Soccer V-Shoot;
outfxies;Outfoxies;
machbrkr;Mach Breakers;
ncv1;Namco Classics Collection Vol.1;a
ncv2;Namco Classics Collection Vol.2;a
winrun91;Winning Run 91;
solvalou;Solvalou;
starblad;Starblade;
aircombj;Air Combat;
cybsled;Cyber Sled;
alpinerd;Alpine Racer;
raveracw;Rave Racer;
ridgeraj;Ridge Racer;
ridger2j;Ridge Racer 2;
acedrvrw;Ace Driver;
victlapw;Ace Driver - Victory Lap;
cybrcomm;Cyber Commando;
airco22b;Air Combat 22;
cybrcycc;Cyber Cycles;
timecrsa;Time Crisis;
propcycl;Prop Cycle;
cosmicg;Cosmic Guerilla;a
cosmica;Cosmic Alien;a
panic;Space Panic;a
zerohour;Zero Hour;a
redclash;Red Clash;a
magspot;Magical Spot;a
magspot2;Magical Spot II;a
devzone;Devil Zone;a
nomnlnd;No Man's Land;a
cheekyms;Cheeky Mouse;a
ladybug;Lady Bug;a
snapjack;Snap Jack;
cavenger;Cosmic Avenger;
dorodon;Dorodon;a
mrdo;Mr. Do!;a
docastle;Mr. Do's Castle;a
dorunrun;Do! Run Run;
dowild;Mr. Do's Wild Ride;
jjack;Jumping Jack;a
kickridr;Kick Rider;
idsoccer;Indoor Soccer;
radarscp;Radar Scope;a
dkong;Donkey Kong;a
dkongjr;Donkey Kong Junior;a
dkong3;Donkey Kong 3;a
mario;Mario Bros.;
spclforc;Special Forces;a
spcfrcii;Special Forces II;a
8ballact;Eight Ball Action;a
shootgal;Shooting Gallery;
drakton;Drakton;a
strtheat;Street Heat - Cardinal Amusements;a
skyskipr;Sky Skipper;
popeye;Popeye;
punchout;Punch-Out!!;
spnchout;Super Punch-Out!!;
armwrest;Arm Wrestling;
btlecity;Vs. Battle City;
starlstr;Vs. Star Luster;
cstlevna;Vs. Castlevania;
cluclu;Vs. Clu Clu Land;
drmario;Vs. Dr. Mario;
duckhunt;Vs. Duck Hunt;
excitebk;Vs. Excitebike;
goonies;Vs. The Goonies;
hogalley;Vs. Hogan's Alley;
iceclimb;Vs. Ice Climber;
ladygolf;Vs. Stroke and Match Golf;
machridr;Vs. Mach Rider;
rbibb;Vs. Atari R.B.I. Baseball;
suprmrio;Vs. Super Mario Bros.;
vsskykid;Vs. Super SkyKid;
tkoboxng;Vs. TKO Boxing;
smgolf;Vs. Stroke and Match Golf;
vspinbal;Vs. Pinball;
vsslalom;Vs. Slalom;
vssoccer;Vs. Soccer;
vsgradus;Vs. Gradius;
platoon;Vs. Platoon;
vstetris;Vs. Tetris;
mightybj;Vs. Mighty Bomb Jack;
jajamaru;Vs. Ninja Jajamaru Kun;
topgun;Vs. Top Gun;
bnglngby;Vs. Raid on Bungeling Bay;
vstennis;Vs. Tennis;
wrecking;Vs. Wrecking Crew;
balonfgt;Vs. Balloon Fight;
vsmahjng;Vs. Mahjang;
vsbball;Vs. BaseBall;
iceclmrj;Vs. Ice Climber Dual;
vsgshoe;Vs. Gumshoe;
supxevs;Vs. Super Xevious;
vsfdf;Vs. Freedom Force;
seawolf;Sea Wolf;
gunfight;Gun Fight;
tornbase;Tornado Baseball;
280zzzap;Datsun 280 Zzzap;
maze;Amazing Maze;
boothill;Boot Hill;
checkmat;Checkmate;
desertgu;Desert Gun;
lagunar;Laguna Racer;a
gmissile;Guided Missile;
m4;M-4;
clowns;Clowns;
einnings;Extra Inning;
shuffle;Shuffleboard;a
dogpatch;Dog Patch;
spcenctr;Space Encounters;
phantom2;Phantom II;
bowler;4 Player Bowling Alley;a
invaders;Space Invaders;a
blueshrk;Blue Shark;
invad2ct;Space Invaders II;a
invadpt2;Space Invaders Part II;a
sstrangr;Space Stranger;a
sstrngr2;Space Stranger 2;a
invrvnge;Invader's Revenge;a
galxwars;Galaxy Wars;a
lrescue;Lunar Rescue;a
rollingc;Rolling Crash - Moon Base;a
sheriff;Sheriff;a
ozmawars;Ozma Wars;a
schaser;Space Chaser;a
lupin3;Lupin III;a
helifire;HeliFire;a
spacefev;Space Fever;a
spclaser;Space Laser;a
polaris;Polaris;a
ballbomb;Balloon Bomber;a
m79amb;M79 Ambush;
yosakdon;Yosaku To Donbee;a
cosmo;Cosmo;a
sspeedr;Super Speed Race;a
sflush;Straight Flush;a
lazercmd;Lazer Command;
bbonk;Bigfoot Bonkers;
deadeye;Dead Eye;
gypsyjug;Gypsy Juggler;
minferno;Inferno;
medlanes;Meadows Lanes;
seawolf2;Sea Wolf II;
spacezap;Space Zap;
ebases;Extra Bases;
wow;Wizard of Wor;
gorf;Gorf;a
robby;Robby Roto;
profpac;Professor PacMan;
solarfox;Solar Fox;a
kick;Kick;a
shollow;Satan's Hollow;a
tron;Tron;a
kroozr;Kozmik Kroozr;
domino;Domino Man;
wacko;Wacko;
twotiger;Two Tigers;
journey;Journey;a
tapper;Tapper;
timber;Timber;
dotron;Discs of Tron;
demoderb;Demolition Derby;
sarge;Sarge;
rampage;Rampage;
powerdrv;Power Drive;
stargrds;Star Guards;
maxrpm;Max RPM;
spyhunt;Spy Hunter;a
turbotag;Turbo Tag;a
crater;Crater Raider;
zwackery;Zwackery;
xenophob;Xenophobe;
spyhunt2;Spy Hunter 2;
blasted;Blasted;
archrivl;Arch Rivals;
trisport;Tri-Sports;a
pigskin;Pigskin 621AD;
sentetst;Sente Diagnostic Cartridge;
cshift;Chicken Shift;
gghost;Goalie Ghost;
hattrick;Hat Trick;
otwalls;Off the Wall;
snakepit;Snake Pit;
snakjack;Snacks'n Jaxson;
stocker;Stocker;
triviag1;Trivial Pursuit;
triviag2;Trivial Pursuit;
triviasp;Trivial Pursuit;
triviayp;Trivial Pursuit;
triviabb;Trivial Pursuit;
gimeabrk;Gimme A Break;
minigolf;Mini Golf;
toggle;Toggle;
nametune;Name That Tune;
nstocker;Night Stocker;
sfootbal;Street Football;
spiker;Spiker;
stompin;Stompin';
rescraid;Rescue Raider;
grudge;Grudge Match;
shrike;Shrike Avenger;
gridlee;Gridlee;
andromed;Andromeda;a
ipminvad;IPM Invader;a
skychut;Sky Chuter;a
spacbeam;Space Beam;a
greenber;Green Beret;a
redalert;Red Alert;a
demoneye;Demoneye-X;a
olibochu;Oli-Boo-Chu;a
mpatrol;Moon Patrol;
troangel;Tropical Angel;
yard;10 Yard Fight;
travrusa;Traverse USA - Zippy Race;a
shtrider;Shot Rider;a
wilytowr;Wily Tower;
kungfum;Kung-Fu Master;
battroad;The Battle-Road;a
ldrun;Lode Runner;
ldrun2;Lode Runner II - The Bungeling Strikes Back;
ldrun3;Lode Runner III - The Golden Labyrinth;
ldrun4;Lode Runner IV - Teikoku Karano Dasshutsu;
lotlot;Lot Lot;
kidniki;Kid Niki - Radical Ninja;
spelunkr;Spelunker;
spelunk2;Spelunker II;
horizon;Horizon;
youjyudn;Youjyuden;a
vigilant;Vigilante;
kikcubic;Meikyu Jima;
rtype;R-Type;
bchopper;Battle Chopper;
nspirit;Ninja Spirit;
imgfight;Image Fight;a
loht;Legend of Hero Tonma;
xmultipl;X Multiply;
dbreed;Dragon Breed;
rtype2;R-Type II;
majtitle;Major Title;
hharry;Hammerin' Harry;
poundfor;Pound for Pound;a
airduel;Air Duel;a
cosmccop;Cosmic Cop;
kengo;Ken-Go;
sichuan2;Sichuan II;
hasamu;Hasamu;
dynablst;Dynablaster;
bbmanw;Bomber Man World;
quizf1;Quiz F-1 1,2finish;
riskchal;Risky Challenge;
shisen2;Shisensho II;
gunforce;Gunforce - Battle Fire Engulfed Terror Island;
bmaster;Blade Master;
lethalth;Lethal Thunder;a
uccops;Undercover Cops;
mysticri;Mystic Riders;
majtitl2;Major Title 2;
hook;Hook;
rtypeleo;R-Type Leo;
inthunt;In The Hunt;
nbbatman;Ninja Baseball Batman;
ssoldier;Superior Soldiers;
gunforc2;Gunforce 2;
firebarr;Fire Barrel;a
dsoccr94;Dream Soccer '94;
wpksoc;World PK Soccer;
reactor;Reactor;
mplanets;Mad Planets;a
qbert;Q*bert;a
insector;Insector;
krull;Krull;a
sqbert;Faster, Harder, More Challenging Q*bert;a
mach3;M.A.C.H. 3;
usvsthem;Us vs. Them;
3stooges;The Three Stooges In Brides Is Brides;
qbertqub;Q*bert's Qubes;a
screwloo;Screw Loose;
curvebal;Curve Ball;a
qix;Qix;a
sdungeon;Space Dungeon;a
elecyoyo;The Electric Yo-Yo;a
kram;Kram;
zookeep;Zoo Keeper;
slither;Slither;a
complexx;Complex X;a
spaceskr;Space Seeker;
spacecr;Space Cruiser;a
junglek;Jungle King;
alpine;Alpine Ski;a
timetunl;Time Tunnel;
wwestern;Wild Western;a
frontlin;Front Line;a
elevator;Elevator Action;
tinstar;The Tin Star;
waterski;Water Ski;a
bioatack;Bio Attack;a
hwrace;High Way Race;a
sfposeid;Sea Fighter Poseidon;
kikstart;Kick Start Wheelie King;
crbaloon;Crazy Balloon;a
sbowling;Strike Bowling;a
grchamp;Grand Champion;a
marinedt;Marine Date;a
bking;Birdie King;a
bking2;Birdie King 2;a
bking3;Birdie King 3;a
chaknpop;Chack'n Pop;
josvolly;Joshi Volleyball;a
gsword;Great Swordsman;
pitnrun;Pit and Run;a
lkage;The Legend of Kage;
msisaac;Metal Soldier Isaac II;a
retofinv;Return of the Invaders;a
fightrol;Fighting Roller;a
vsgongf;VS Gong Fight;a
fieldday;Field Day;
40love;Forty-Love;
tsamurai;Samurai Nihon-ichi;a
nunchaku;Nunchackun;a
yamagchi;Go Go Mr. Yamaguchi - Yuke Yuke Yamaguchi-kun;a
m660;Mission 660;a
buggychl;Buggy Challenge;a
ssrj;Super Speed Race Junior;
bigevglf;Big Event Golf;a
flstory;The FairyLand Story;
onna34ro;Onna Sansirou - Typhoon Gal;
gladiatr;Gladiator;
nycaptor;N.Y. Captor;
cyclshtg;Cycle Shooting;a
benberob;Ben Bero Beh;
halleys;Halley's Comet;a
lsasquad;Land Sea Air Squad - Riku Kai Kuu Saizensen;a
tokio;Tokio - Scramble Formation;a
bublbobl;Bubble Bobble;
kikikai;KiKi KaiKai;a
kicknrun;Kick and Run;
darius;Darius;
rastan;Rastan;
topspeed;Top Speed;
opwolf;Operation Wolf;
othunder;Operation Thunderbolt;
rainbow;Rainbow Islands;
arkanoid;Arkanoid;a
superqix;Super Qix;a
perestro;Perestroika Girls;a
pbillian;Prebillian;
hotsmash;Hot Smash;a
exzisus;Exzisus;
minivadr;Minivader;
volfied;Volfied;a
bonzeadv;Bonze Adventure;
asuka;Asuka and Asuka;a
mofflott;Maze of Flott;a
cadash;Cadash;
galmedes;Galmedes;a
earthjkr;U.N. Defense Force - Earth Joker;a
eto;Kokontouzai Eto Monogatari;
wgp;World Grand Prix;
slapshot;Slap Shot;
opwolf3;Operation Wolf 3;
ashnojoe;Ashita no Joe;
ninjaw;The Ninja Warriors;
darius2;Darius II;
warriorb;Warrior Blade - Rastan Saga Episode III;
superman;Superman;
twinhawk;Twin Hawk;a
gigandes;Gigandes;
kyustrkr;Last Striker - Kyuukyoku no Striker;
ballbros;Balloon Brothers;
plumppop;Plump Pop;
extrmatn;Extermination;a
arknoid2;Arkanoid - Revenge of DOH;a
drtoppel;Dr. Toppel's Adventure;a
kageki;Kageki;a
chukatai;Chuka Taisen;
tnzs;The NewZealand Story;
insectx;Insector X;
raimais;Raimais;
kurikint;Kuri Kinton;
evilston;Evil Stone;a
fhawk;Fighting Hawk;a
plotting;Plotting;
champwr;Champion Wrestler;
puzznic;Puzznic;
horshoes;American Horseshoes;a
palamed;Palamedes;
cachat;Cachat;
cubybop;Cuby Bop;
plgirls;Play Girls;a
plgirls2;Play Girls 2;a
syvalion;Syvalion;
recordbr;Recordbreaker;
dleague;Dynamite League;
masterw;Master of Weapon;a
nastar;Nastar;
rambo3;Rambo III;
crimec;Crime City;
viofight;Violence Fight;
ashura;Ashura Blaster;a
hitice;Hit the Ice;
sbm;Sonic Blast Man;
selfeena;Sel Feena;
silentd;Silent Dragon;
ryujin;Ryu Jin;a
qzshowby;Quiz Sekai wa SHOW by shobai;
pbobble;Puzzle Bobble;
spacedx;Space Invaders DX v2.1;
contcirc;Continental Circus;
chasehq;Chase H.Q.;
enforce;Enforce;
nightstr;Night Striker;
sci;Special Criminal Investigation;
bshark;Battle Shark;
aquajack;Aqua Jack;
spacegun;Space Gun;
dblaxle;Double Axle;
topland;Top Landing;
ainferno;Air Inferno;
gunbustr;Gunbuster;
superchs;Super Chase - Criminal Termination;
groundfx;Ground Effects - Super Ground Effects;
undrfire;Under Fire;
finalb;Final Blow;
dondokod;Don Doko Don;
megab;Mega Blast;
thundfox;Thunder Fox;
cameltry;Cameltry;
qtorimon;Quiz Torimonochou;
liquidk;Liquid Kids;
quizhq;Quiz H.Q.;
ssi;Super Space Invaders '91;a
gunfront;Gun and Frontier;a
growl;Growl;
mjnquest;Mahjong Quest;
footchmp;Football Champ;
koshien;Ah Eikou no Koshien;
yuyugogo;Yuuyu no Quiz de GO!GO!;
ninjak;The Ninja Kids;
solfigtr;Solitary Fighter;
qzquest;Quiz Quest - Hime to Yuusha no Monogatari;
pulirula;PuLiRuLa;
metalb;Metal Black;
qzchikyu;Quiz Chikyu Bouei Gun;
yesnoj;Yes-No Sinri Tokimeki Chart;
deadconx;Dead Connection;
dinorex;Dino Rex;
qjinsei;Quiz Jinsei Gekijoh;
qcrayon;Quiz Crayon Shinchan;
qcrayon2;Crayon Shinchan Orato Asobo;
driftout;Drift Out;a
ringrage;Ring Rage;
arabianm;Arabian Magic;
ridingf;Riding Fight;
gseeker;Grid Seeker - Project Stormhammer;a
trstar;Top Ranking Stars;
gunlock;Gunlock;a
scfinals;Super Cup Finals;
dungeonm;Dungeon Magic;
kaiserkn;Kaiser Knuckle;
dariusg;Darius Gaiden - Silver Hawk;
bublbob2;Bubble Bobble 2;
pwrgoal;Taito Power Goal;
qtheater;Quiz Theater - 3tsu no Monogatari;
elvactr;Elevator Action Returns;
spcinv95;Space Invaders '95 - Attack Of The Lunar Loonies;a
twinqix;Twin Qix;
quizhuhu;Moriguchi Hiroko no Quiz de Hyuu!Hyuu!;
pbobble2;Puzzle Bobble 2;
gekirido;Gekirindan;a
ktiger2;Kyukyoku Tiger 2;a
bubblem;Bubble Memories - The Story Of Bubble Bobble 3;
cleopatr;Cleopatra Fortune;
pbobble3;Puzzle Bobble 3;
arkretrn;Arkanoid Returns;
kirameki;Kirameki Star Road;
puchicar;Puchi Carat;
pbobble4;Puzzle Bobble 4;
popnpop;Pop 'N Pop;
landmakr;Land Maker;
perfrman;Performan;a
tigerh;Tiger Heli;a
slapfigh;Slap Fight;a
getstar;Guardian;
mjsister;Mahjong Sisters;
fshark;Flying Shark;a
wardner;Wardner;
twincobr;Twin Cobra;a
gulfwar2;Gulf War II;a
rallybik;Rally Bike - Dash Yarou;a
truxton;Truxton - Tatsujin;a
hellfire;Hellfire;
zerowing;Zero Wing;
demonwld;Demon's World - Horror Story;
fireshrk;Fire Shark;a
outzone;Out Zone;a
vimana;Vimana;a
snowbros;Snow Bros. - Nick & Tom;
hyperpac;Hyper Pacman;
moremorp;More More +;
3in1semi;3-in-1;
4in1boot;4-in-1 bootleg;
cookbib2;Cookie and Bibi 2;
tekipaki;Teki Paki;
ghox;Ghox;a
dogyuun;Dogyuun;a
kbash;Knuckle Bash;
kbash2;Knuckle Bash 2;
truxton2;Truxton II - Tatsujin II - Tatsujin Oh;a
pipibibs;Pipi and Bibis - Whoopee!!;
fixeight;FixEight;a
vfive;V-Five;a
batsugun;Batsugun;a
snowbro2;Snow Bros. 2 - With New Elves - Otenki Paradise;
mahoudai;Mahou Daisakusen;a
shippumd;Shippu Mahou Daisakusen;a
battleg;Battle Garegga - Type 2;a
batrider;Armed Police Batrider;a
bbakraid;Battle Bakraid;a
pwrinst2;Power Instinct 2;
plegends;Power Instinct Legends;
mazinger;Mazinger Z;a
donpachi;DonPachi;a
metmqstr;Metamoqester;
sailormn;Pretty Soldier Sailor Moon;
agallet;Air Gallet;a
hotdogst;Hotdog Storm;a
ddonpach;DoDonPachi;a
dfeveron;Dangun Feveron;a
esprade;ESP Ra.De.;a
uopoko;Uo Poko;
guwange;Guwange;a
gaia;Gaia Crusaders;
theroes;Thunder Heroes;
gyrodine;Gyrodine;a
sonofphx;Son of Phoenix;a
flashgal;Flashgal;
srdmissn;S.R.D. Mission;a
legend;Legend;
airwolf;Airwolf;
defender;Defender;
mayday;Mayday;
colony7;Colony 7;a
stargate;Stargate;
robotron;Robotron;
joust;Joust;
bubbles;Bubbles;
splat;Splat!;
sinistar;Sinistar;a
playball;PlayBall!;a
blaster;Blaster;
spdball;Speed Ball;
alienar;Alien Arena;
alienaru;Alien Arena;
mysticm;Mystic Marathon;
tshoot;Turkey Shoot;
inferno;Inferno;
joust2;Joust 2 - Survival of the Fittest;a
lottofun;Lotto Fun;
vulgus;Vulgus;a
sonson;Son Son;
higemaru;Pirate Ship Higemaru;
1942;1942;a
exedexes;Exed Exes;a
commando;Commando;a
gng;Ghosts'n Goblins;
diamond;Diamond Run;
gunsmoke;Gun.Smoke;a
sectionz;Section Z;
trojan;Trojan;
srumbler;The Speed Rumbler;a
lwings;Legendary Wings;a
sidearms;Side Arms - Hyper Dyne;
turtship;Turtle Ship;
dyger;Dyger;a
whizz;Whizz;
avengers;Avengers;a
bionicc;Bionic Commando;
1943;1943 - The Battle of Midway;a
1943mii;1943 - The Battle of Midway Mark II;a
blktiger;Black Tiger;
sf1;Street Fighter;
tigeroad;Tiger Road;
f1dream;F-1 Dream;
1943kai;1943 Kai - Midway Kaisen;a
lastduel;Last Duel;a
madgear;Mad Gear;a
leds2011;Led Storm Rally 2011;a
forgottn;Forgotten Worlds;
ghouls;Ghouls'n Ghosts;
strider;Strider;
dw;Dynasty Wars;
willow;Willow;
unsquad;U.N. Squadron;
ffight;Final Fight;
1941;1941 - Counter Attack;a
mercs;Mercs;a
mtwins;Mega Twins;
msword;Magic Sword - Heroic Fantasy;
cawing;Carrier Air Wing;
nemo;Nemo;
sf2;Street Fighter II - The World Warrior;
3wonders;Three Wonders;
kod;The King of Dragons;
captcomm;Captain Commando;
knights;Knights of the Round;
sf2ce;Street Fighter II' - Champion Edition;
varth;Varth - Operation Thunderstorm;a
cworld2j;Capcom World 2;
wof;Warriors of Fate;
dino;Cadillacs and Dinosaurs;
punisher;The Punisher;
slammast;Saturday Night Slam Masters;
pnickj;Pnickies;
qad;Quiz and Dragons;
qtono2;Quiz Tonosama no Yabou 2 Zenkoku-ban;
pang3;Pang! 3;
megaman;Mega Man - The Power Battle;
wofch;Tenchi wo Kurau II: Sekiheki no Tatakai;
ssf2;Super Street Fighter 2: The New Challengers;
ecofghtr;Eco Fighters;
ddtod;Dungeons and Dragons: Tower of Doom;
avsp;Alien vs. Predator;
dstlk;Darkstalkers: The Night Warriors;
ringdest;Ring of Destruction: Slammasters II;
armwar;Armored Warriors;
xmcota;X-Men: Children of the Atom;
nwarr;Night Warriors: Darkstalkers' Revenge;
cybots;Cyberbots: Fullmetal Madness;
sfa;Street Fighter Alpha: Warriors' Dreams;
msh;Marvel Super Heroes;
19xx;19XX: The War Against Destiny;a
ddsom;Dungeons and Dragons: Shadow over Mystara;
sfa2;Street Fighter Alpha 2;
spf2t;Super Puzzle Fighter 2 Turbo;
qndream;Quiz Nanairo Dreams: Nijiirochou no Kiseki;
megaman2;Mega Man 2: The Power Fighters;
xmvsf;X-Men Vs. Street Fighter;
batcir;Battle Circuit;
vsav;Vampire Savior: The Lord of Vampire;
mshvsf;Marvel Super Heroes Vs. Street Fighter;
csclub;Capcom Sports Club;
sgemf;Super Gem Fighter Mini Mix;
vhunt2;Vampire Hunter 2: Darkstalkers Revenge;
vsav2;Vampire Savior 2: The Lord of Vampire;
mvsc;Marvel Vs. Capcom: Clash of Super Heroes;
sfa3;Street Fighter Alpha 3;
hsf2a;Hyper Street Fighter II: The Anniversary Edition;
gigawing;Giga Wing;
dimahoo;Dimahoo;a
mmatrix;Mars Matrix: Hyper Solid Shooting;
1944;1944: The Loop Master;
mpangj;Mighty! Pang;
progear;Progear;
pzloop2j;Puzz Loop 2;
primrag2;Primal Rage 2;
sncwgltd;Sonic Wings Limited;
tekken;Tekken;
tekken2;Tekken 2 Ver.B;
souledge;Soul Edge Ver. II;
dunkmnia;Dunk Mania;
xevi3dg;Xevious 3D-G;
primglex;Prime Goal EX;
danceyes;Dancing Eyes;
starswep;Star Sweep;
myangel3;Kosodate Quiz My Angel 3;
tekken3;Tekken 3;
soulclbr;Soul Calibur;
ehrgeiz;Ehrgeiz;
mdhorse;Derby Quiz My Dream Horse;
fgtlayer;Fighting Layer;
pacapp;Paca Paca Passion;
sws99;Super World Stadium '99;
tekkentt;Tekken Tag Tournament;
mrdrillr;Mr Driller;
aquarush;Aqua Rush;
golgo13;Golgo 13;
mrdrilr2;Mr Driller 2;
cryptklr;Crypt Killer;
mgakuen;Mahjong Gakuen;
mgakuen2;Mahjong Gakuen 2 Gakuen-chou no Fukushuu;
pkladies;Poker Ladies;
dokaben;Dokaben;
pang;Pang;
cbasebal;Capcom Baseball;
cworld;Capcom World;
hatena;Adventure Quiz 2 Hatena Hatena no Dai-Bouken;
spang;Super Pang;
marukin;Super Marukin-Ban;
qtono1;Quiz Tonosama no Yabou;
qsangoku;Quiz Sangokushi;
block;Block Block;a
capbowl;Capcom Bowling;a
bowlrama;Bowl-O-Rama;a
wfortune;Wheel Of Fortune;
stratab;Strata Bowling;a
sstrike;Super Strike Bowling;a
gtg;Golden Tee Golf;
hstennis;Hot Shots Tennis;a
slikshot;Slick Shot;a
dynobop;Dyno Bop;a
arlingtn;Arlington Horse Racing;
peggle;Peggle;a
rimrockn;Rim Rockin' Basketball;
ninclown;Ninja Clowns;
gtg2;Golden Tee Golf II;
neckneck;Neck-n-Neck;
timekill;Time Killers;
hardyard;Hard Yardage;
bloodstm;Blood Storm;
pairs;Pairs;
drivedge;Driver's Edge;
wcbowl;World Class Bowling;
sftm;Street Fighter - The Movie;
shufshot;Shuffleshot;
cerberus;Cerberus;
mayhem;Mayhem 2002;
powrplay;Power Play;
wseries;World Series - The Season;
alleymas;Alley Master;a
dangerz;Danger Zone;
basebal2;Baseball The Season II;
dblplay;Super Baseball Double Play Home Run Derby;
strkzone;Strike Zone Baseball;
redlin2p;Redline Racer;a
quarterb;Quarterback;a
viper;Viper;
teamqb;John Elway's Team Quarterback;a
aafb;All American Football;a
offroad;Ironman Stewart's Super Off-Road;
offroadt;Ironman Stewart's Super Off-Road Track Pack;
pigout;Pigout;
ataxx;Ataxx;
wsf;World Soccer Finals;
indyheat;Danny Sullivan's Indy Heat;
brutforc;Brute Force;
asylum;Asylum;a
blockade;Blockade;
comotion;Comotion;
hustle;Hustle;
blasto;Blasto;
mineswpr;Minesweeper;
depthch;Depthcharge;
safari;Safari;
frogs;Frogs;
sspaceat;Space Attack;a
sspacaho;Space Attack - Head On;a
headon;Head On;
headon2;Head On 2;
invho2;Invinco - Head On 2;a
samurai;Samurai;a
invinco;Invinco;a
invds;Invinco - Deep Scan;a
tranqgun;Tranquilizer Gun;a
spacetrk;Space Trek;a
carnival;Carnival;a
brdrlinb;Borderline;a
digger;Digger;a
pulsar;Pulsar;a
heiankyo;Heiankyo Alien;a
alphaho;Alpha Fighter - Head On;a
spacfury;Space Fury;
zektor;Zektor;
tacscan;Tac-Scan;a
elim2;Eliminator;
startrek;Star Trek;
astrob;Astro Blaster;a
005;005;a
monsterb;Monster Bash;a
spaceod;Space Odyssey;a
pignewt;Pig Newton;a
sindbadm;Sindbad Mystery;a
zaxxon;Zaxxon;a
szaxxon;Super Zaxxon;a
futspy;Future Spy;a
razmataz;Razzmatazz;a
ixion;Ixion;a
congo;Congo Bongo;a
chboxing;Champion Boxing;
chwrestl;Champion Pro Wrestling;
dokidoki;Doki Doki Penguin Land;
starjack;Star Jacker;a
regulus;Regulus;a
upndown;Up'n Down;a
mrviking;Mister Viking;a
swat;SWAT;a
flicky;Flicky;
wmatch;Water Match;a
bullfgt;Bullfight;
spatter;Spatter;
pitfall2;Pitfall II;
seganinj;Sega Ninja;
imsorry;I'm Sorry;
teddybb;TeddyBoy Blues;
hvymetal;Heavy Metal;
myhero;My Hero;
shtngmst;Shooting Master;
chplft;Choplifter;
4dwarrio;4-D Warriors;
brain;Brain;
raflesia;Rafflesia;a
wboy;Wonder Boy;
gardia;Gardia;a
noboranb;Noboranka;a
blockgal;Block Gal;a
tokisens;Toki no Senshi - Chrono Soldier;a
wbml;Wonder Boy in Monster Land;
dakkochn;DakkoChan Jansoh;
ufosensi;Ufo Senshi Yohko Chan;
hangonjr;Hang-On Jr.;
transfrm;Transformer;
ridleofp;Riddle of Pythagoras;a
fantzn2;Fantasy Zone 2;
opaopa;Opa Opa;
turbo;Turbo;a
subroc3d;Subroc-3D;
buckrog;Buck Rogers - Planet of Zoom;
kopunch;KO Punch;a
suprloco;Super Locomotive;
dotrikun;Dottori Kun;
spcpostn;Space Position;a
angelkds;Angel Kids;a
alexkidd;Alex Kidd: The Lost Stars;
astorm;Alien Storm;
enduror;Enduro Racer;
eswat;E-Swat - Cyber Police;
fpoint;Flash Point;
moonwalk;Michael Jackson's Moonwalker;
passsht;Passing Shot;a
shangon;Super Hang-On;
tetris;Tetris;
aceattac;Ace Attacker;
afighter;Action Fighter;
bloxeed;Bloxeed;
cltchitr;Clutch Hitter;
cotton;Cotton;
ddcrew;DD Crew;
dunkshot;Dunk Shot;
exctleag;Excite League;
lghost;Laser Ghost;
loffire;Line of Fire;
mvp;MVP;
ryukyu;Ryukyu;
suprleag;Super League;
thndrbld;Thunder Blade;
toutrun;Turbo Out Run;
aburner2;After Burner II;
aliensyn;Alien Syndrome;
altbeast;Altered Beast;
atomicp;Atomic Point;
aurail;Aurail;
bayroute;Bay Route;
bodyslam;Body Slam;
dduxbl;Dynamite Dux;
fantzone;Fantasy Zone;
goldnaxe;Golden Axe;
hangon;Hang-On;
hwchamp;Heavyweight Champ;
mjleague;Major League;a
outrun;Out Run;
quartet;Quartet;
riotcity;Riot City;
sdi;SDI - Strategic Defense Initiative;
sharrier;Space Harrier;
shdancer;Shadow Dancer;
shinobi;Shinobi;
sonicbom;Sonic Boom;a
timscanr;Time Scanner;a
toryumon;Toryumon;
tturf;Tough Turf;
wb3;Wonder Boy III - Monster Lair;
wrestwar;Wrestle War;a
hotrod;Hot Rod;
bnzabros;Bonanza Bros;
dcclub;Dynamic Country Club;
mahmajn;Tokoro San no MahMahjan;
qgh;Quiz Ghost Hunter;
quizmeku;Quiz Mekurumeku Story;
qrouka;Quiz Rouka Ni Tattenasai;
mahmajn2;Tokoro San no MahMahjan 2;
sspirits;Scramble Spirits;
sgmast;Super Masters Golf;
qsww;Quiz Syukudai wo Wasuremashita;
gground;Gain Ground;
crkdown;Crackdown;
holo;Holosseum;
svf;Super Visual Football - European Sega Cup;
brival;Burning Rival;
radm;Rad Mobile;
radr;Rad Rally;
f1en;F1 Exhaust Note;
alien3;Alien3: The Gun;
sonic;Segasonic the Hedgehog;
jpark;Jurassic Park;
ga2;Golden Axe - The Revenge of Death Adder;
spidey;Spider-Man: The Videogame;
arabfgt;Arabian Fight;
arescue;Air Rescue;
f1lap;F1 Super Lap;
dbzvrvs;Dragon Ball Z V.R.V.S.;
darkedge;Dark Edge;
slipstrm;Slipstream;
orunners;Outrunners;
harddunk;Hard Dunk;
titlef;Title Fight;
scross;Stadium Cross;
sfish2;Sport Fishing 2;
logicpro;Logic Pro;
karianx;Karian Cross;
logicpr2;Logic Pro 2;
columns;Columns;
columns2;Columns II - The Voyage Through Time;
ssonicbr;SegaSonic Bros;
borench;Borench;
tfrceac;ThunderForce AC;
ribbit;Ribbit!;
tantr;Tant-R;
puyopuyo;Puyo Puyo;
ichidant;Puzzle & Action: Ichidant-R;
stkclmns;Stack Columns;
puyopuy2;Puyo Puyo 2;
potopoto;Poto Poto;
zunkyou;Zunzunkyou No Yabou;
pclubj;Print Club;
puckpkmn;Puckman Pockimon;
lnc;Lock'n'Chase;a
zoar;Zoar;a
btime;Burger Time;a
wtennis;World Tennis;a
brubber;Burnin' Rubber;a
disco;Disco No.1;a
sdtennis;Super Doubles Tennis;a
mmonkey;Minky Monkey;a
madalien;Mad Alien;a
astrof;Astro Fighter;a
tomahawk;Tomahawk 777;a
prosoccr;Pro Soccer;a
prosport;Prosport;a
boomrang;Boomer Rang'r - Genesis;a
kamikcab;Kamikaze Cabbie;a
liberate;Liberation;a
bwing;B-Wings;a
zaviga;Zaviga;a
kchamp;Karate Champ;a
compgolf;Competition Golf Final Round;
tryout;Pro Yakyuu Nyuudan Test Tryout;a
firetrap;Fire Trap;a
metlclsh;Metal Clash;
brkthru;Break Thru;
darwin;Darwin 4078;a
shootout;Shoot Out;
sidepckt;Side Pocket;
exprraid;Express Raider;
pcktgal;Pocket Gal;
battlera;Battle Rangers;
actfancr;Act-Fancer Cybernetick Hyper Weapon;
triothep;Trio The Punch - Never Forget Me...;
lastmisn;Last Mission;a
shackled;Shackled;
csilver;Captain Silver;
ghostb;The Real Ghostbusters;
srdarwin;Super Real Darwin;a
gondo;Gondomania;a
garyoret;Garyo Retsuden;
cobracom;Cobra-Command;
oscar;Psycho-Nics Oscar;
karnov;Karnov;
wndrplnt;Wonder Planet;a
chelnov;Chelnov - Atomic Runner;
hbarrel;Heavy Barrel;a
baddudes;Bad Dudes vs. Dragonninja;
birdtry;Birdie Try;a
robocop;Robocop;
hippodrm;Hippodrome;
slyspy;Sly Spy;
midres;Midnight Resistance;
bouldash;Boulder Dash - Boulder Dash Part 2;
stadhero;Stadium Hero;
madmotor;Mad Motor;
vaportra;Vapor Trail - Hyper Offence Formation;a
cbuster;Crude Buster;
darkseal;Dark Seal;
edrandy;The Cliffhanger - Edward Randy;
supbtime;Super Burger Time;
mutantf;Mutant Fighter;
cninja;Caveman Ninja;
robocop2;Robocop 2;
thndzone;Thunder Zone;
chinatwn;China Town;
rohga;Rohga Armour Force;
captaven;Captain America and The Avengers;
tumblep;Tumble Pop;
jumpkids;Jump Kids;
fncywld;Fancy World - Earth of Crisis;
htchctch;Hatch Catch;
bcstry;BC Story;
lemmings;Lemmings;
dragngun;Dragon Gun;
wizdfire;Wizard Fire;
funkyjet;Funky Jet;
nitrobal;Nitro Ball;a
dietgo;Diet Go Go;
pktgaldx;Pocket Gal Deluxe;
boogwing;Boogie Wings;
dblewing;Double Wings;a
fghthist;Fighters History;
hvysmsh;Heavy Smash;
nslasher;Night Slashers;
lockload;Locked 'n Loaded;
joemacr;Joe and Mac Returns;
tattass;Tattoo Assassins;
charlien;Charlie Ninja;
backfire;Backfire!;
chainrec;Chain Reaction;
sotsugyo;Sotsugyo Shousho;
sshangha;Super Shanghai Dragon's Eye;
wcvol95;World Cup Volley 95;
osman;Osman;
prtytime;Party Time: Gonta the Diver II / Ganbare! Gonta!! 2;a
hangzo;Hangzo;
avengrgs;Avengers In Galactic Storm;
skullfng;Skull Fang;a
hoops96;Hoops '96;
senjyo;Senjyo;a
starforc;Star Force;a
baluba;Baluba-louk no Densetsu;a
bombjack;Bomb Jack;a
pbaction;Pinball Action;a
tehkanwc;Tehkan World Cup;
gridiron;Gridiron Fight;
teedoff;Tee'd Off;a
solomon;Solomon's Key;
rygar;Rygar;
gemini;Gemini Wing;a
silkworm;Silk Worm;
tbowl;Tecmo Bowl;
shadoww;Shadow Warriors;
wildfang;Wild Fang - Tecmo Knight;
stratof;Raiga - Strato Fighter;
wc90;Tecmo World Cup '90;
spbactn;Super Pinball Action;a
fstarfrc;Final Star Force;a
ginkun;Ganbare Ginkun;
riot;Riot;
deroon;Deroon DeroDero;
tkdensho;Touki Denshou -Angel Eyes-;
tutankhm;Tutankham;a
junofrst;Juno First;a
pooyan;Pooyan;a
timeplt;Time Pilot;a
psurge;Power Surge;a
megazone;Mega Zone;a
pandoras;Pandora's Palace;a
gyruss;Gyruss;a
trackfld;Track and Field;
whizquiz;Whiz Quiz;
mastkin;The Masters of Kin;
rocnrope;Roc'n Rope;a
circusc;Circus Charlie;a
tp84;Time Pilot '84;a
hyperspt;Hyper Sports;
sbasketb;Super Basketball;a
mikie;Mikie;a
roadf;Road Fighter;a
yiear;Yie Ar Kung-Fu;
kicker;Kicker;a
pingpong;Ping Pong;
gberet;Green Beret;
mrgoemon;Mr. Goemon;
jailbrek;Jail Break;
finalizr;Finalizer - Super Transformation;a
ironhors;Iron Horse;
jackal;Jackal;a
ddribble;Double Dribble;
contra;Contra;a
combasc;Combat School;
rockrage;Rock 'n Rage;
mx5000;MX5000;a
fastlane;Fast Lane;a
tricktrp;Trick Trap;a
thehustl;The Hustler;a
battlnts;Battlantis;a
bladestl;Blades of Steel;a
hcastle;Haunted Castle;
ajax;Ajax;a
scontra;Super Contra;a
thunderx;Thunder Cross;
mainevt;The Main Event;
devstors;Devastators;a
88games;88 Games;
gbusters;Gang Busters;a
crimfght;Crime Fighters;
spy;S.P.Y. - Special Project Y;
bottom9;Bottom of the Ninth;
blockhl;Block Hole;
aliens;Aliens;
surpratk;Surprise Attack;
parodius;Parodius DA!;
rollerg;Rollergames;
simpsons;The Simpsons;
esckids;Escape Kids;
vendetta;Vendetta;
mogura;Mogura Desse;
wecleman;WEC Le Mans 24;
hotchase;Hot Chase;
chqflag;Chequered Flag;a
ultraman;Ultraman;
hexion;Hexion;
lethalen;Lethal Enforcers;
nemesis;Nemesis;
konamigt;Konami GT;
salamand;Salamander;
blkpnthr;Black Panther;
citybomb;City Bomber;a
kittenk;Kitten Kaboodle;
hcrash;Hyper Crash;
twinbee;TwinBee;a
gwarrior;Galactic Warriors;
devilw;Devil World;
vulcan;Vulcan Venture;
cuebrick;Cue Brick;
fround;The Final Round;
mia;M.I.A. - Missing in Action;
tmnt;Teenage Mutant Ninja Turtles;
punkshot;Punk Shot;
lgtnfght;Lightning Fighters;a
blswhstl;Bells and Whistles;a
glfgreat;Golfing Greats;
tmnt2;Teenage Mutant Ninja Turtles - Turtles in Time;
ssriders;Sunset Riders;
xmen;X-Men;
xexex;Xexex;
asterix;Asterix;
gijoe;GI Joe;
thndrx2;Thunder Cross II;
prmrsocr;Premier Soccer;
qgakumon;Quiz Gakumon no Susume;
moo;Wild West C.O.W.-Boys of Moo Mesa;
bucky;Bucky O'Hare;
gaiapols;Gaiapolis;a
mystwarr;Mystic Warriors;
viostorm;Violent Storm;
dadandrn;Kyukyoku Sentai Dadandarn;
metamrph;Metamorphic Force;
mtlchamp;Martial Champion;
rungun;Run and Gun;
dbz;Dragonball Z;
dbz2;Dragonball Z 2 Super Battle;
bishi;Bishi Bashi Championship Mini Game Senshuken;
sbishi;Super Bishi Bashi Championship;
overdriv;Over Drive;a
gradius3;Gradius III;
plygonet;Polygonet Commanders;a
bm1stmix;beatmania;
bm2ndmix;beatmania 2nd MIX;
bmcompmx;beatmania complete MIX;
bm4thmix;beatmania 4th MIX;
hmcompm2;hiphopmania complete MIX 2;
bmdct;beatmania f. Dreams Come True;
bmcorerm;beatmania CORE REMIX;
carpolo;Car Polo;
sidetrac;Side Track;
targ;Targ;
spectar;Spectar;
venture;Venture;
mtrap;Mouse Trap;
pepper2;Pepper II;
hardhat;Hard Hat;
fax;Fax;
circus;Circus;
robotbwl;Robot Bowl;
crash;Crash;
ripcord;Rip Cord;
starfire;Star Fire;
fireone;Fire One;
victory;Victory;
teetert;Teeter Torture;
crossbow;Crossbow;
cheyenne;Cheyenne;
combat;Combat;
cracksht;Crackshot;
claypign;Clay Pigeon;
chiller;Chiller;
topsecex;Top Secret;
hitnmiss;Hit 'n Miss;
whodunit;Who Dunit;
showdown;Showdown;
copsnrob;Cops'n Robbers;
flyball;Flyball;
sprint4;Sprint 4;
nitedrvr;Night Driver;
dominos;Dominos;
triplhnt;Triple Hunt;
sprint8;Sprint 8;
dragrace;Drag Race;
poolshrk;Poolshark;
starshp1;Starship 1;
superbug;Super Bug;a
canyon;Canyon Bomber;
destroyr;Destroyer;
sprint1;Sprint 1;
ultratnk;Ultra Tank;
skyraid;Sky Raider;
tourtabl;Tournament Table;
avalnche;Avalanche;
firetrk;Fire Truck;a
skydiver;Sky Diver;
sbrkout;Super Breakout;a
atarifb;Atari Football;
orbit;Orbit;
boxer;Boxer;
wolfpack;Wolf Pack;
videopin;Video Pinball;a
subs;Subs;
bsktball;Basketball;
abaseb;Atari Baseball;
montecar;Monte Carlo;a
soccer;Atari Soccer;
missile;Missile Command;
llander;Lunar Lander;
asteroid;Asteroids;
astdelux;Asteroids Deluxe;
bzone;Battle Zone;
bradley;Bradley Trainer;
redbaron;Red Baron;
tempest;Tempest;a
spacduel;Space Duel;
gravitar;Gravitar;
quantum;Quantum;a
bwidow;Black Widow;
starwars;Star Wars;
mhavoc;Major Havoc;
esb;The Empire Strikes Back;
warlords;Warlords;
centiped;Centipede;a
milliped;Millipede;a
qwak;Qwak;a
runaway;Runaway;
tunhunt;Tunnel Hunt;a
liberatr;Liberator;
foodf;Food Fight;
ccastles;Crystal Castles;
cloak;Cloak and Dagger;
cloud9;Cloud 9;
jedi;Return of the Jedi;
peterpak;Peter Pack-Rat;
marble;Marble Madness;
indytemp;Indiana Jones and the Temple of Doom;
roadrunn;Road Runner;
roadblst;Road Blasters;
paperboy;Paperboy;
ssprint;Super Sprint;
csprint;Championship Sprint;
720;720 Degrees;
apb;APB - All Points Bulletin;a
irobot;I, Robot;
harddriv;Hard Drivin';
stunrun;S.T.U.N. Runner;
racedriv;Race Drivin';
steeltal;Steel Talons;
hdrivair;Hard Drivin's Airborne;
gauntlet;Gauntlet;
gaunt2;Gauntlet II;
vindctr2;Vindicators Part II;
xybots;Xybots;
blstroid;Blasteroids;
vindictr;Vindicators;
toobin;Toobin';a
cyberbal;Cyberball;
atetris;Tetris;
eprom;Escape from the Planet of the Robot Monsters;
skullxbo;Skull and Crossbones;
badlands;Bad Lands;
klax;Klax;
thunderj;ThunderJaws;
hydra;Hydra;
pitfight;Pit Fighter;
rampart;Rampart;
shuuz;Shuuz;
batman;Batman;
roadriot;Road Riot 4WD;
offtwall;Off the Wall;
guardian;Guardians of the Hood;
relief;Relief Pitcher;
arcadecl;Arcade Classics;
sparkz;Sparkz;
motofren;Moto Frenzy;
spclords;Space Lords;
rrreveng;Road Riot's Revenge;
beathead;BeatHead;
tmek;T-MEK;
primrage;Primal Rage;
area51;Area 51;
area51mx;Area 51 - Maximum Force Duo v2.0;
maxforce;Maximum Force v1.05;
vcircle;Vicious Circle;
sasuke;Sasuke vs. Commander;a
satansat;Satan of Saturn;a
vanguard;Vanguard;a
fantasy;Fantasy;a
pballoon;Pioneer Balloon;a
nibbler;Nibbler;a
lasso;Lasso;a
chameleo;Chameleon;
wwjgtin;Wai Wai Jockey Gate-In!;
pinbo;Pinbo;a
joyfulr;Joyful Road;a
marvins;Marvin's Maze;a
madcrash;Mad Crasher;
vangrd2;Vanguard II;a
jcross;Jumping Cross;a
mainsnk;Main Event;
sgladiat;Gladiator 1984;
hal21;HAL21;a
aso;ASO - Armored Scrum Object;a
tnk3;T.N.K. III;a
athena;Athena;
fitegolf;Fighting Golf;
ikari;Ikari Warriors;a
victroad;Victory Road;a
gwar;Guerrilla War;a
bermudat;Bermuda Triangle;a
psychos;Psycho Soldier;
chopper;Chopper I;a
ftsoccer;Fighting Soccer;
tdfever;TouchDown Fever;a
ikari3;Ikari III - The Rescue;
pow;P.O.W. - Prisoners of War;
searchar;SAR - Search And Rescue;a
streetsm;Street Smart;
prehisle;Prehistoric Isle in 1930;
mechatt;Mechanized Attack;
bbusters;Beast Busters;
shougi;Shougi;
champbas;Champion Baseball;
champbb2;Champion Baseball II;
exctsccr;Exciting Soccer;a
equites;Equites;a
bullfgtr;Bull Fighter;a
kouyakyu;The Koukouyakyuh;
splndrbt;Splendor Blast;
hvoltage;High Voltage;
sstingry;Super Stingray;a
kyros;Kyros;a
paddlema;Paddle Mania;a
timesold;Time Soldiers;a
skysoldr;Sky Soldiers;a
goldmedl;Gold Medalist;
skyadvnt;Sky Adventure;a
gangwars;Gang Wars;
sbasebal;Super Champion Baseball;
tnexspce;The Next Space;a
scregg;Scrambled Egg;a
dommy;Dommy;a
bigprowr;The Big Pro Wrestling!;a
ssozumo;Syusse Oozumou;a
mystston;Mysterious Stones - Dr. John's Adventure;a
dogfgt;Acrobatic Dog-Fight;
bogeyman;Bogey Manor;
matmania;Mat Mania;a
maniach;Mania Challenge;a
renegade;Renegade;
xsleena;Xain'd Sleena;
battlane;Battle Lane! Vol. 5;a
ddragon;Double Dragon;
spdodgeb;Super Dodge Ball;
chinagat;China Gate;
wwfsstar;WWF Superstars;
vball;U.S. Championship V'ball;
ddragon2;Double Dragon II - The Revenge;
toffy;Toffy;
stoffy;Super Toffy;
ddungeon;Dangerous Dungeons;
darktowr;Dark Tower;
tstrike;Thunder Strike;
ctribe;The Combatribes;
blockout;Block Out;
ddragon3;Double Dragon 3 - The Rosetta Stone;
wwfwfest;WWF WrestleFest;
shadfrce;Shadow Force;
berzerk;Berzerk;
frenzy;Frenzy;
mazerbla;Mazer Blazer;
greatgun;Great Guns;
supdrapo;Super Draw Poker;a
toratora;Tora Tora;a
megatack;MegaTack;
killcom;Killer Comet;
challeng;Challenger;
kaos;Kaos;a
sia2650;Super Invader Attack;a
dodgem;Dodgem;
monymony;Money Money;a
jackrabt;Jack Rabbit;a
mouser;Mouser;a
nova2001;Nova 2001;
ninjakun;Ninjakun Majou no Bouken;
raiders5;Raiders5;
pkunwar;Penguin-Kun Wars;
xxmissio;XX Mission;a
ninjakd2;Ninja-Kid II;
mnight;Mutant Night;
arkarea;Ark Area;
robokid;Atomic Robo-kid;
omegaf;Omega Fighter;a
tharrier;Task Force Harrier;a
mustang;US AAF Mustang;
bioship;Bio-ship Paladin;
vandyke;Vandyke;a
blkheart;Black Heart;
acrobatm;Acrobat Mission;a
strahl;Koutetsu Yousai Strahl;
bjtwin;Bomb Jack Twin;a
tdragon2;Thunder Dragon 2;a
tdragon;Thunder Dragon;a
hachamf;Hacha Mecha Fighter;
macross;Super Spacefortress Macross - Chou-Jikuu Yousai Macross;a
gunnail;GunNail;a
macross2;Super Spacefortress Macross II - Chou-Jikuu Yousai Macross II;
sabotenb;Saboten Bombers;
nouryoku;Nouryoku Koujou Iinkai;
manybloc;Many Block;a
ssmissin;S.S. Mission;a
airattck;Air Attack;a
raphero;Rapid Hero;a
daireika;Mahjong Daireikai;
mjzoomin;Mahjong Channel Zoom In;
kakumei;Mahjong Kakumei;
kakumei2;Mahjong Kakumei 2 - Princess League;
quizpani;Quiz Panicuru Fantasy;
macrossp;Macross Plus;a
quizmoon;Quiz Bisyoujo Senshi Sailor Moon - Chiryoku Tairyoku Toki no Un;
gakupara;Quiz Gakuen Paradise;
quizdna;Quiz DNA no Hanran;
gekiretu;Quiz Gekiretsu Scramble;
narc;Narc;
trog;Trog;
smashtv;Smash T.V.;
hiimpact;High Impact Football;
shimpact;Super High Impact;
strkforc;Strike Force;
mk;Mortal Kombat;
term2;Terminator 2 - Judgment Day;
totcarn;Total Carnage;
mk2;Mortal Kombat II;
jdreddp;Judge Dredd;
nbajam;NBA Jam;
revx;Revolution X;
mk3;Mortal Kombat 3;
wwfmania;WWF - Wrestlemania;
openice;2 On 2 Open Ice Challenge;
nbahangt;NBA Hangtime;
rmpgwt;Rampage - World Tour;
crusnusa;Cruis'n USA;
crusnwld;Cruis'n World;
offroadc;Off Road Challenge;
wargods;War Gods;
wg3dh;Wayne Gretzky's 3D Hockey;
mace;Mace - The Dark Age;
sfrush;San Francisco Rush;
calspeed;California Speed;
carnevil;CarnEvil;
biofreak;BioFreaks;
blitz;NFL Blitz;
blitz99;NFL Blitz '99;
blitz2k;NFL Blitz 2000;
embargo;Embargo;
tripool;Tri-Pool;a
jack;Jack the Giantkiller;a
zzyzzyxx;Zzyzzyxx;a
freeze;Freeze;a
sucasino;Super Casino;a
spacewar;Space Wars;
barrier;Barrier;a
starcas;Star Castle;
tailg;Tailgunner;
ripoff;Rip Off;
armora;Armor Attack;
wotw;War of the Worlds;
warrior;Warrior;
starhawk;Star Hawk;
solarq;Solar Quest;
boxingb;Boxing Bugs;
speedfrk;Speed Freak;
sundance;Sundance;a
demon;Demon;
cchasm;Cosmic Chasm;a
roundup;Round-Up;a
thepit;The Pit;a
dockman;Dock Man;a
funnymou;Funny Mouse;a
machomou;Macho Mouse;a
intrepid;Intrepid;a
zaryavos;Zarya Vostoka;a
timelimt;Time Limit;a
progress;Progress;a
bagman;Bagman;a
sbagman;Super Bagman;a
pickin;Pickin';a
botanic;Botanic;a
tankbust;Tank Busters;a
stinger;Stinger;a
scion;Scion;
kungfut;Kung-Fu Taikun;
wiz;Wiz;a
kncljoe;Knuckle Joe;
empcity;Empire City - 1931;
mustache;Mustache Boy;a
cshooter;Cross Shooter;a
deadang;Dead Angle;
dynduke;Dynamite Duke;
raiden;Raiden;a
sdgndmps;SD Gundam Psycho Salamander no Kyoui;
dcon;D-Con;
sengokmj;Sengoku Mahjong;
raiden2;Raiden 2;a
cabal;Cabal;
toki;Toki;
bloodbro;Blood Bros.;
skysmash;Sky Smasher;a
legionna;Legionnaire;
heatbrl;Heated Barrel;
godzilla;Godzilla;
sdgndmrb;SD Gundam Sangokushi Rainbow Tairiku Senki;
cupsoc;Seibu Cup Soccer;
exerion;Exerion;a
pturn;Parallel Turn;a
fcombat;Field Combat;a
formatz;Formation Z;
citycon;City Connection;
momoko;Momoko 120%;
argus;Argus;a
valtric;Valtric;a
butasan;Butasan;
psychic5;Psychic 5;a
ginganin;Ginga NinkyouDen;
skyfox;Sky Fox;a
homerun;Moero Pro Yakyuu Homerun;
bigrun;Big Run;
cischeat;Cisco Heat;
f1gpstar;Grand Prix Star;
f1gpstr2;F-1 Grand Prix Star II;
scudhamm;Scud Hammer;a
tetrisp2;Tetris Plus 2;
rockn;Rock'n Tread;a
rockn2;Rock'n Tread 2;a
rockn3;Rock'n 3;a
rockn4;Rock'n 4;a
lomakai;Legend of Makai;
p47;P-47 - The Phantom Fighter;
kickoff;Kick Off;
tshingen;Takeda Shingen;
iganinju;Iga Ninjyutsuden;
astyanax;The Astyanax;
hachoo;Hachoo!;
jitsupro;Jitsuryoku!! Pro Yakyuu;
plusalph;Plus Alpha;a
stdragon;Saint Dragon;
rodland;Rod-Land;
avspirit;Avenging Spirit;
inyourfa;In Your Face;
edf;E.D.F.  - Earth Defense Force;
64street;64th. Street - A Detective Story;
soldamj;Soldam;
bigstrik;Big Striker;
chimerab;Chimera Beast;
cybattlr;Cybattler;a
peekaboo;Peek-a-Boo!;
hayaosi1;Hayaoshi Quiz Ouza Ketteisen;
bbbxing;Best Bout Boxing;
47pie2;Idol Janshi Su-Chi-Pie 2;
desertwr;Desert War - Wangan Sensou;a
gametngk;The Game Paradise - Master of Shooting! - Game Tengoku - The Game Paradise;a
tetrisp;Tetris Plus;
p47aces;P-47 Aces;
akiss;Mahjong Angel Kiss;
gratia;Gratia - Second Earth;
kirarast;Ryuusei Janshi Kirara Star;
f1superb;F1 Super Battle;
rabiolep;Rabio Lepus;
svolley;Super Volleyball;
tail2nos;Tail to Nose - Great Championship;a
ojankoc;Ojanko Club;
ojankoy;Ojanko Yakata;
ojanko2;Ojanko Yakata 2bankan;
ccasino;Chinese Casino ;
ojankohs;Ojanko High School;
nekkyoku;Rettou Juudan Nekkyoku Janshi - Higashi Nippon Hen;
idolmj;Idol-Mahjong Housoukyoku;
mjnatsu;Mahjong Natsu Monogatari;
mfunclub;Mahjong Fun Club - Idol Saizensen;
daiyogen;Mahjong Daiyogen;
nmsengen;Nekketsu Mahjong Sengen! AFTER 5;
fromance;Idol-Mahjong Final Romance;
pipedrm;Pipe Dream;
hatris;Hatris;
spinlbrk;Spinal Breakers;
pspikes;Power Spikes;
karatblz;Karate Blazers;
turbofrc;Turbo Force;a
aerofgt;Aero Fighters;a
welltris;Welltris;
quiz18k;Miyasu Nonki no Quiz 18-Kin;
f1gp;F-1 Grand Prix;a
f1gp2;F-1 Grand Prix Part II;a
crshrace;Lethal Crash Race;a
taotaido;Tao Taido;
gstriker;Grand Striker;
vgoalsoc;V Goal Soccer;
worldc94;World Cup '94;
suprslam;Super Slams;
fromanc2;Taisen Idol-Mahjong Final Romance 2;
fromancr;Taisen Mahjong FinalRomance R;
fromanc4;Taisen Mahjong FinalRomance 4;
inufuku;Quiz and Variety Sukusuku Inufuku;
samuraia;Samurai Aces;a
gunbird;Gunbird;a
btlkroad;Battle K-Road;
s1945;Strikers 1945;a
tengai;Tengai - Sengoku Blade - Sengoku Ace Episode II;
s1945ii;Strikers 1945 II;a
soldivid;Sol Divide - The Sword Of Darkness;
sbomberb;Space Bomber;a
daraku;Daraku Tenshi - The Fallen Angels;
gunbird2;Gunbird 2;a
s1945iii;Strikers 1945 III;a
dragnblz;Dragon Blaze;a
hotgmck;Taisen Hot Gimmick;
hgkairak;Taisen Hot Gimmick Kairakuten;
hotgmck3;Taisen Hot Gimmick 3 Digital Surfing;
loderndf;Lode Runner - The Dig Fight;
hotdebut;Quiz de Idol! Hot Debut;
gnbarich;Gunbarich;a
tgm2;Tetris the Absolute The Grand Master 2;
marineb;Marine Boy;
changes;Changes;
springer;Springer;a
hoccer;Hoccer;a
bcruzm12;Battle Cruiser M-12;a
hopprobo;Hopper Robo;a
wanted;Wanted;a
funkybee;Funky Bee;a
skylancr;Sky Lancer;a
zodiack;Zodiack;a
dogfight;Dog Fight;a
moguchan;Moguchan;a
percuss;The Percussor;a
bounty;The Bounty;
espial;Espial;
netwars;Net Wars;a
vastar;Vastar;a
xorworld;Xor World;
bigkarnk;Big Karnak;
splash;Splash!;
thoop;Thunder Hoop;
squash;Squash;
wrally;World Rally;
glass;Glass;
targeth;Target Hits;
thoop2;TH Strikes Back;
aligator;Alligator Hunt;
biomtoy;Biomechanical Toy;
touchgo;Touch and Go;
wrally2;World Rally 2 - Twin Racing;
maniacsq;Maniac Square;
snowboar;Snow Board Championship;
bang;Bang!;
airbustr;Air Buster;
djboy;DJ Boy;
galpanic;Gals Panic;a
galpani2;Gals Panic II;a
jchan;Jackie Chan - Kung Fu Master;
berlwall;The Berlin Wall;
mgcrystl;Magical Crystals;
blazeon;Blaze On;
sandscrp;Sand Scorpion;a
bakubrkr;Bakuretsu Breaker;a
shogwarr;Shogun Warriors;
brapboys;B.Rap Boys;
bloodwar;Blood Warrior;
bonkadv;Bonk's Adventure;
gtmr;Great 1000 Miles Rally;
gtmr2;Mille Miglia 2 - Great 1000 Miles Rally;
wingforc;Wing Force;a
packbang;Pack'n Bang Bang;a
hanaawas;Hana Awase;
speedatk;Speed Attack!;
srmp2;Super Real Mahjong Part 2;
srmp3;Super Real Mahjong Part 3;
mjyuugi;Mahjong Yuugi;
ponchin;Mahjong Pon Chin Kan;
tndrcade;Thundercade - Twin Formation;a
twineagl;Twin Eagle - Revenge Joe's Brother;a
downtown;DownTown;a
usclssic;U.S. Classic;a
calibr50;Caliber 50;a
arbalest;Arbalester;a
metafox;Meta Fox;a
drgnunit;Dragon Unit - Castle of Dragon;
wits;Wit's;
thunderl;Thunder and Lightning;a
rezon;Rezon;
stg;Strike Gunner S.T.G;a
blandia;Blandia;
blockcar;Block Carnival - Thunder and Lightning 2;a
qzkklogy;Quiz Kokology;
neobattl;SD Gundam Neo Battling;a
umanclub;Ultraman Club - Tatakae! Ultraman Kyoudai!!;
zingzip;Zing Zing Zip;a
atehate;Athena no Hatena [Q];
jjsquawk;J. J. Squawkers;
kamenrid;Masked Riders Club Battle Race;
madshark;Mad Shark;a
msgundam;Mobile Suit Gundam;
daioh;Daioh;a
oisipuzl;Oishii Puzzle Ha Irimasenka;
utoukond;Ultra Toukon Densetsu;
qzkklgy2;Quiz Kokology 2;
wrofaero;War of Aero - Project MEIOU;a
eightfrc;Eight Forces;a
kiwame;Pro Mahjong Kiwame;
krzybowl;Krazy Bowl;a
extdwnhl;Extreme Downhill;
gundhara;Gundhara;a
sokonuke;Sokonuke Taisen Game;
zombraid;Zombie Raid;
gundamex;Mobile Suit Gundam EX Revue;
grdians;Guardians - Denjin Makai II;
mj4simai;Wakakusamonogatari Mahjong Yonshimai;
myangel;Kosodate Quiz My Angel;
myangel2;Kosodate Quiz My Angel 2;
pzlbowl;Puzzle De Bowling;
penbros;Penguin Brothers;
srmp4;Super Real Mahjong PIV;
twineag2;Twin Eagle II - The Rescue Mission;a
srmp7;Super Real Mahjong P7;
survarts;Survival Arts;
dynagear;Dyna Gears;
eaglshot;Eagle Shot Golf;
hypreact;Mahjong Hyper Reaction;
koikois2;Koi Koi Shimasyo 2 - Super Real Hanafuda;
meosism;Meosis Magic;
hypreac2;Mahjong Hyper Reaction 2;
sxyreact;Pachinko Sexy Reaction;
cairblad;Change Air Blade;a
keithlcy;Dramatic Adventure Quiz Keith and Lucy;
drifto94;Drift Out '94 - The Hard Order;
janjans1;Lovely Pop Mahjong Jan Jan Shimasyo;
stmblade;Storm Blade;a
mslider;Monster Slider;
ryorioh;Gourmet Battle Quiz Ryohrioh CooKing;
vasara;Vasara;a
vasara2;Vasara 2;a
gdfs;Mobile Suit Gundam Final Shooting;
ultrax;Ultra X Weapons - Ultra Keibitai;a
jsk;Joryuu Syougi Kyoushitsu;
powerins;Power Instinct;
ohmygod;Oh My God!;
naname;Naname de Magic!;
blmbycar;Blomby Car;
speakres;Speak and Rescue;a
route16;Route 16;a
ttmahjng;Mahjong;
fnkyfish;Funky Fish;a
kangaroo;Kangaroo;a
arabian;Arabian;a
markham;Markham;
strnskil;Strength and Skill;
pettanp;Pettan Pyuu;
ikki;Ikki;
shanghai;Shanghai;
shangha2;Shanghai II;
shangha3;Shanghai III;
heberpop;Hebereke no Popoon;
blocken;Blocken;
goindol;Goindol;a
rranger;Rough Ranger;
sparkman;Spark Man;
hardhead;Hard Head;
starfigh;Star Fighter;a
hardhea2;Hard Head 2;
brickzn;Brick Zone;a
bssoccer;Back Street Soccer;
uballoon;Ultra Balloon;
gundealr;Gun Dealer;a
yamyam;Yam! Yam![Q];
lastday;The Last Day;a
gulfstrm;Gulf Storm;a
pollux;Pollux;a
bluehawk;Blue Hawk;a
sadari;Sadari;
gundl94;Gun Dealer '94;
superx;Super-X;a
rshark;R-Shark;a
leprechn;Leprechaun;
beezer;Beezer;
pushman;Pushman;
bballs;Bouncing Balls;
zerozone;Zero Zone;
lvgirl94;Las Vegas Girl;
hotpinbl;Hot Pinball;a
galspnbl;Gals Pinball;a
fantasia;Fantasia;a
newfant;New Fantasia;a
fantsy95;Fantasy '95;a
missw96;Miss World '96 Nude;
fantsia2;Fantasia II;
galhustl;Gals Hustler;
sslam;Super Slam;
bigtwin;Big Twin;
wbeachvl;World Beach Volley;
sharkatt;Shark Attack;
thief;Thief;
natodef;NATO Defense;
mrflea;The Amazing Adventures of Mr. F. Lea;a
holeland;Hole Land;
crzrally;Crazy Rally;a
speedbal;Speed Ball;a
sauro;Sauro;
trckydoc;Tricky Doc;
karatour;The Karate Tournament;
ladykill;Lady Killer;a
pangpoms;Pang Poms;
skyalert;Sky Alert;a
poitto;Poitto!;
dharma;Dharma Doujou;
lastfort;Last Fortress - Toride;
toride2g;Toride II Adauchi Gaiden;
daitorid;Daitoride;
dokyusei;Mahjong Doukyuusei;
dokyusp;Mahjong Doukyuusei Special;
puzzli;Puzzli;
3kokushi;Sankokushi;
pururun;Pururun;
balcube;Bal Cube;
mouja;Mouja;
bangball;Bang Bang Ball;
gakusai;Mahjong Gakuensai;
gakusai2;Mahjong Gakuensai 2;
gunmast;Gun Master;
msgogo;Mouse Shooter GoGo;
blzntrnd;Blazing Tornado;
gstrik2;Grand Striker 2;
hyprduel;Hyper Duel;
spcforce;Space Force;a
looping;Looping;a
skybump;Sky Bumper;a
suprridr;Super Rider;a
paradise;Paradise;a
tgtball;Target Ball;
cannball;Cannon Ball;
magix;Magix - Rock;
magicbub;Magic Bubble;
shocking;Shocking;
blueprnt;Blue Print;a
saturn;Saturn;a
gogomile;Go Go! Mile Smile;
pbancho;Gyakuten!! Puzzle Bancho;
asurabld;Asura Blade - Sword of Dynasty;
asurabus;Asura Buster - Eternal Warriors;
drgnmst;Dragon Master;
burglarx;Burglar X;
zeropnt;Zero Point;
zeropnt2;Zero Point 2;
silkroad;The Legend of Silkroad;
stagger1;Stagger I;a
grdnstrm;Sen Jin - Guardian Storm;a
bubl2000;Bubble 2000;
multchmp;Multi Champ;
hedpanic;Head Panic;
mchampdx;Multi Champ Deluxe;
deluxe5;Deluxe 5;
tangtang;Tang Tang;
swatpolc;SWAT Police;
royalmah;Royal Mahjong;
suzume;Watashiha Suzumechan;
hnayayoi;Hana Yayoi;
dondenmj;Don Den Mahjong ;
mjdiplob;Mahjong Diplomat ;
untoucha;Untouchable;
tontonb;Tonton ;
hanamai;Hana no Mai;
majs101b;Mahjong Studio 101 ;
mjderngr;Mahjong Derringer;
hnoridur;Hana Oriduru;
drgpunch;Dragon Punch;
mjfriday;Mahjong Friday;
mjifb;Mahjong If ;
maya;Maya;
roldfrog;The Return of Lady Frog;
mcnpshnt;Mahjong Campus Hunting;
7jigen;7jigen no Youseitachi - Mahjong 7 Dimensions;
mjdialq2;Mahjong Dial Q2;
yarunara;Mahjong Yarunara;
mjangels;Mahjong Angels - Comic Theater Vol.2;
quiztvqq;Quiz TV Gassyuukoku QandQ;
mmpanic;Monkey Mole Panic;
quizchq;Quiz Channel Question;
quiz365;Quiz 365;
rongrong;Rong Rong;
nettoqc;Nettoh Quiz Champion;
ddenlovr;Don Den Lover Vol. 1;
hanakanz;Hanakanzashi;
realbrk;Billiard Academy Real Break;
nyny;New York New York;a
r2dtank;R2D Tank;a
spiders;Spiders;a
iqblock;IQ-Block;
grndtour;Grand Tour;
cabaret;Cabaret;
drgnwrld;Dragon World;
vbowl;Virtua Bowling;
grtwall;The Great Wall;
hitme;Hit Me;
barricad;Barricade;
starcrus;Star Cruiser;
battlex;Battle Cross;
carjmbre;Car Jamboree;a
popper;Popper;a
speedspn;Speed Spin;
kickgoal;Kick Goal;
usg32;Super Duper Casino;
usg83;Super Ten V8.3;
usg185;Games V18.7C;
usg252;Games V25.4X;
mermaid;Mermaid;
rougien;Rougien;
drmicro;Dr. Micro;a
appoooh;Appoooh;
bankp;Bank Panic;
mjkjidai;Mahjong Kyou Jidai;
mayumi;Kikiippatsu Mayumi-chan;
btoads;Battle Toads;
kinst;Killer Instinct;
kinst2;Killer Instinct 2;
gigasb;Gigas;a
gigasm2b;Gigas Mark II;a
pbillrd;Perfect Billiard;
freekick;Free Kick;a
countrun;Counter Run;
rmhaihai;Real Mahjong Haihai;
rmhaijin;Real Mahjong Haihai Jinji Idou Hen;
rmhaisei;Real Mahjong Haihai Seichouhen;
themj;The Mah-jong;
hanaroku;Hanaroku;
yumefuda;Yumefuda ;
hourouki;Mahjong Hourouki Part 1 - Seisyun Hen;
mhgaiden;Mahjong Hourouki Gaiden;
mjhokite;Mahjong Hourouki Okite;
mjclinic;Mahjong Clinic;
mrokumei;Mahjong Rokumeikan;
reikaids;Reikai Doushi;
mjkojink;Mahjong Kojinkyouju;
vitaminc;Mahjong Vitamin C;
mjyougo;Mahjong-yougo no Kisotairyoku;
lemnangl;Mahjong Lemon Angel;
mjkinjas;Mahjong Kinjirareta Asobi;
battlcry;Battlecry;
jogakuen;Mahjong Jogakuen;
mjikaga;Mahjong Ikaga Desu ka;
ultennis;Ultimate Tennis;
cheesech;Cheese Chase;
stonebal;Stone Ball;
dynamski;Dynamic Ski;a
chinhero;Chinese Hero;a
shangkid;Shanghai Kid;
astinvad;Astro Invader;a
spcking2;Space King 2;a
spaceint;Space Intruder;a
spacefb;Space Firebird;a
omegrace;Omega Race;
dday;D-Day;
hexa;Hexa;
stactics;Space Tactics;
exterm;Exterminator;
kingofb;King of Boxer;a
ambush;Ambush;
dlair;Dragon's Lair;
aztarac;Aztarac;
mole;Mole Attack;
thehand;The Hand;a
mrjong;Mr. Jong;a
polyplay;Poly-Play;
amspdwy;American Speedway;
othldrby;Othello Derby;
mosaic;Mosaic;
gfire2;Golden Fire II;
spdbuggy;Speed Buggy;
sprcros2;Super Cross 2;
mugsmash;Mug Smashers;
stlforce;Steel Force;
fantland;Fantasy Land;
galaxygn;Galaxy Gunners;a
gcpinbal;Grand Cross;a
aquarium;Aquarium;
policetr;Police Trainer;
sshooter;Sharpshooter;
pass;Pass;
news;News;
taxidrvr;Taxi Driver;a
xyonix;Xyonix;
findout;Find Out;
dribling;Dribbling;
ace;Ace;
clayshoo;Clay Shoot;
pirates;Pirates;
genix;Genix Family;
fitfight;Fit of Fighting;
histryma;The History of Martial Arts;
bbprot;Untitled Fighter 'BB';
flower;Flower;
diverboy;Diver Boy;
beaminv;Beam Invader;
mcatadv;Magical Cat Adventure;
nost;Nostradamus;a
4enraya;4 En Raya;
oneshot;One Shot One Kill;
maddonna;Mad Donna;
tugboat;Tugboat;a
gotcha;Got-cha;
amerdart;AmeriDarts;
coolpool;Cool Pool;
gumbo;Gumbo;
trivquiz;Triv Quiz;
statriv2;Triv Two;
supertr2;Super Triv II;
tickee;Tickee Tickats;
crgolf;Crowns Golf;
truco;Truco-Tron;
thedeep;The Deep;a
wallc;Wall Crash;
skyarmy;Sky Army;a
lethalj;Lethal Justice;
eggventr;Egg Venture;
rotaryf;Rotary Fighter;a
sbugger;Space Bugger;a
portrait;Portraits;a
enigma2;Enigma 2;a
ltcasino;Little Casino;
ltcasin2;Little Casino 2;
vamphalf;Vamp 1-2;
hidnctch;Hidden Catch;
landbrk;Land Breaker;
racoon;Racoon World;
xfiles;X-Files;
strvmstr;Super Trivia Master;a
dorachan;Dorachan;a
ladyfrog;Lady Frog;a
rabbit;Rabbit;
tmmjprd;Tokimeki Mahjong Paradise - Dear My Love;
malzak;Malzak;
supertnk;Super Tank;a
crospang;Cross Pang;
funybubl;Funny Bubble;
baryon;Baryon - Future Assault;a
cutefght;Cute Fighter;
dreamwld;Dream World;
gaialast;Gaia - The Last Choice of Earth;
rolcrush;Rolling Crush;
denjinmk;Denjin Makai;
mwarr;Mighty Warriors;
darkmist;The Lost Castle in Darkmist;a
vmetal;Varia Metal;a
ket;Ketsui Kizuna Jigoku Tachi;a
ddp3;DoDonPachi Dai-Ou-Jou;a
espgal;EspGaluda;a
vf;Virtua Fighter;
1945kiii;1945k III;a
flagrall;96 Flag Rally;
nam1975;NAM-1975;
bstars;Baseball Stars Professional;
tpgolf;Top Player's Golf;
mahretsu;Mahjong Kyoretsuden;
maglord;Magician Lord ;
ridhero;Riding Hero ;
alpham2;Alpha Mission II - ASO II - Last Guardian;
ncombat;Ninja Combat;
cyberlip;Cyber-Lip;
superspy;The Super Spy;
mutnat;Mutation Nation;
kotm;King of the Monsters ;
sengoku;Sengoku - Sengoku Denshou ;
burningf;Burning Fight ;
lbowling;League Bowling;
gpilots;Ghost Pilots;
joyjoy;Puzzled - Joy Joy Kid;
bjourney;Blue's Journey - Raguy;
quizdais;Quiz Daisousa Sen - The Last Count Down;
lresort;Last Resort;
eightman;Eight Man;
minasan;Minnasanno Okagesamadesu;
legendos;Legend of Success Joe - Ashitano Joe Densetsu;
2020bb;2020 Super Baseball ;
socbrawl;Soccer Brawl;
roboarmy;Robo Army;
fatfury1;Fatal Fury - King of Fighters - Garou Densetsu - Shukumei no Tatakai;
fbfrenzy;Football Frenzy;
bakatono;Bakatonosama Mahjong Manyuki;
crsword;Crossed Swords;
trally;Thrash Rally;
kotm2;King of the Monsters 2 - The Next Thing;
sengoku2;Sengoku 2 - Sengoku Denshou 2;
bstars2;Baseball Stars 2;
quizdai2;Quiz Meitantei Neo and Geo - Quiz Daisousa Sen part 2;
3countb;3 Count Bout - Fire Suplex ;
aof;Art of Fighting - Ryuuko no Ken;
samsho;Samurai Shodown - Samurai Spirits;
tophuntr;Top Hunter - Roddy and Cathy;
fatfury2;Fatal Fury 2 - Garou Densetsu 2 - Arata-naru Tatakai;
janshin;Jyanshin Densetsu - Quest of Jongmaster;
androdun;Andro Dunos;
ncommand;Ninja Commando;
viewpoin;Viewpoint;
ssideki;Super Sidekicks - Tokuten Ou;
wh1;World Heroes ;
kof94;The King of Fighters '94;
aof2;Art of Fighting 2 - Ryuuko no Ken 2;
wh2;World Heroes 2;
fatfursp;Fatal Fury Special - Garou Densetsu Special ;
savagere;Savage Reign - Fu'un Mokushiroku - kakutou sousei;
fightfev;Fight Fever ;
ssideki2;Super Sidekicks 2 - The World Championship - Tokuten Ou 2 - Real Fight Football;
spinmast;Spin Master - Miracle Adventure;
samsho2;Samurai Shodown II - Shin Samurai Spirits - Haohmaru jigokuhen;
wh2j;World Heroes 2 Jet;
wjammers;Windjammers - Flying Power Disc;
karnovr;Karnov's Revenge - Fighter's History Dynamite;
gururin;Gururin;
pspikes2;Power Spikes II;
fatfury3;Fatal Fury 3 - Road to the Final Victory - Garou Densetsu 3 - Haruka-naru Tatakai;
panicbom;Panic Bomber;
aodk;Aggressors of Dark Kombat - Tsuukai GANGAN Koushinkyoku;
sonicwi2;Aero Fighters 2 - Sonic Wings 2;
zedblade;Zed Blade - Operation Ragnarok;
galaxyfg;Galaxy Fight - Universal Warriors;
strhoop;Street Hoop - Street Slam - Dunk Dream;
quizkof;Quiz King of Fighters;
ssideki3;Super Sidekicks 3 - The Next Glory - Tokuten Ou 3 - eikoue no michi;
doubledr;Double Dragon ;
pbobblen;Puzzle Bobble - Bust-A-Move  ;
kof95;The King of Fighters '95 ;
tws96;Tecmo World Soccer '96;
samsho3;Samurai Shodown III - Samurai Spirits - Zankurou Musouken;
stakwin;Stakes Winner - Stakes Winner - GI kinzen seihae no michi;
pulstar;Pulstar;
whp;World Heroes Perfect;
kabukikl;Far East of Eden - Kabuki Klash - Tengai Makyou - Shin Den;
neobombe;Neo Bomberman;
gowcaizr;Voltage Fighter - Gowcaizer - Choujin Gakuen Gowcaizer;
rbff1;Real Bout Fatal Fury - Real Bout Garou Densetsu;
aof3;Art of Fighting 3 - The Path of the Warrior - Art of Fighting - Ryuuko no Ken Gaiden;
sonicwi3;Aero Fighters 3 - Sonic Wings 3;
turfmast;Neo Turf Masters - Big Tournament Golf;
mslug;Metal Slug - Super Vehicle-001;
puzzledp;Puzzle De Pon!;
mosyougi;Syougi No Tatsujin - Master of Syougi;
marukodq;Chibi Marukochan Deluxe Quiz;
neomrdo;Neo Mr. Do!;
sdodgeb;Super Dodge Ball - Kunio no Nekketsu Toukyuu Densetsu;
goalx3;Goal! Goal! Goal!;
overtop;Over Top;
neodrift;Neo Drift Out - New Technology;
kof96;The King of Fighters '96 ;
ssideki4;Ultimate 11 - The SNK Football Championship - Tokuten Ou - Honoo no Libero, The;
kizuna;Kizuna Encounter - Super Tag Battle - Fu'un Super Tag Battle;
ninjamas;Ninja Master's - Haoh-ninpo-cho;
ragnagrd;Ragnagard - Shin-Oh-Ken;
pgoal;Pleasure Goal - Futsal - 5 on 5 Mini Soccer;
magdrop2;Magical Drop II;
samsho4;Samurai Shodown IV - Amakusa's Revenge - Samurai Spirits - Amakusa Kourin;
rbffspec;Real Bout Fatal Fury Special - Real Bout Garou Densetsu Special;
twinspri;Twinkle Star Sprites;
wakuwak7;Waku Waku 7;
stakwin2;Stakes Winner 2;
breakers;Breakers;
miexchng;Money Puzzle Exchanger - Money Idol Exchanger;
kof97;The King of Fighters '97 ;
magdrop3;Magical Drop III;
lastblad;Last Blade - Bakumatsu Roman - Gekka no Kenshi, The ;
irrmaze;The Irritating Maze - Ultra Denryu Iraira Bou;
popbounc;Pop 'n Bounce - Gapporin;
shocktro;Shock Troopers ;
blazstar;Blazing Star;
rbff2;Real Bout Fatal Fury 2 - The Newcomers - Real Bout Garou Densetsu 2 - The Newcomers ;
mslug2;Metal Slug 2 - Super Vehicle-001-II;
kof98;The King of Fighters '98 - The Slugfest - King of Fighters '98 - Dream Match Never Ends;
lastbld2;Last Blade 2 - Bakumatsu Roman - Dai Ni Maku Gekka no Kenshi, The;
neocup98;Neo-Geo Cup '98 - The Road to the Victory;
shocktr2;Shock Troopers - 2nd Squad;
flipshot;Battle Flip Shot;
pbobbl2n;Puzzle Bobble 2 - Bust-A-Move Again ;
ctomaday;Captain Tomaday;
mslugx;Metal Slug X - Super Vehicle-001;
kof99;The King of Fighters '99 - Millennium Battle ;
ganryu;Musashi Ganryuuki;
garou;Garou - Mark of the Wolves ;
s1945p;Strikers 1945 Plus;
preisle2;Prehistoric Isle 2;
mslug3;Metal Slug 3;
kof2000;The King of Fighters 2000;
bangbead;Bang Bead;
nitd;Nightmare in the Dark;
bbbuster;Bang Bang Busters;
ghostlop;Ghostlop;
ironclad;Choutetsu Brikin'ger - Ironclad ;
sengoku3;Sengoku 3;
zupapa;Zupapa!;
kof2001;The King of Fighters 2001;
kof2002;The King of Fighters 2002;
mslug4;Metal Slug 4;
rotd;Rage of the Dragons;
matrim;Power Instinct Matrimelee;
pnyaa;Pochi and Nyaa;
svcboot;Snk Vs Capcom  - Svc Chaos ;
samsho5;Samurai Shodown V;
samsh5sp;Samurai Shodown V Special;
mslug5;Metal Slug 5;
kof2003d;The King of Fighters 2003 ;
crswd2bl;Crossed Swords 2;
zintrckb;Zintrick - Oshidashi Zentrix ;
lasthope;Last Hope;
