alpinr2b;Alpine Racer 2;a
animaljr;Animalandia Jr.;a
crazyfgt;Crazy Fight;a
darkhors;Dark Horse;a
funkyfig;The First Funky Fighter;a
merlinmm;Merlins Money Maze;a
mk4;Mortal Kombat 4;a
mwalk;Michael Jackson's Moonwalker;a
piratetr;Pirate Treasure;a
quasar;Quasar;a
sf;Street Fighter;a
sfiii;Street Fighter III: New Generation;a
sfiii2;Street Fighter III 2nd Impact: Giant Attack;a
sfiii3;Street Fighter III 3rd Strike: Fight for the Future;a
spacelnc;Space Launcher;a
spidman;Spider-Man: The Videogame;a
sqix;Super Qix;a
puckman;PuckMan;a
nmouse;Naughty Mouse;a
pacplus;Pac-Man Plus;a
mspacman;Ms. Pac-Man;a
crush;Crush Roller;a
eyes;Eyes;a
mrtnt;Mr. TNT;a
eggor;Eggor;a
ponpoko;Ponpoko;a
lizwiz;Lizard Wizard;a
bwcasino;Boardwalk Casino;a
dremshpr;Dream Shopper;a
vanvan;Van-Van Car;a
alibaba;Ali Baba and 40 Thieves;a
pengo;Pengo;a
jrpacman;Jr. Pac-Man;a
jumpshot;Jump Shot;a
shootbul;Shoot the Bull;a
bigbucks;Big Bucks;a
drivfrcp;Driving Force;a
porky;Porky;a
megadon;Megadon;a
catapult;Catapult;a
suprglob;Super Glob;a
igmo;IGMO;a
dealer;The Dealer;a
galaxian;Galaxian;a
gmgalax;Ghostmuncher Galaxian;a
pisces;Pisces;a
uniwars;UniWar S;a
warofbug;War of the Bugs or Monsterous Manouvers in a Mushroom Maze;a
redufo;Defend the Terra Attack on the Red UFO;a
streakng;Streaking;a
zigzag;Zig Zag;a
jumpbug;Jump Bug;a
levers;Levers;a
azurian;Azurian Attack;a
orbitron;Orbitron;a
mooncrst;Moon Cresta;a
moonqsr;Moon Quasar;a
mshuttle;Moon Shuttle;a
moonal2;Moon Alien Part 2;a
skybase;Sky Base;a
checkman;Check Man;a
dingo;Dingo;a
blkhole;Black Hole;a
kingball;King and Balloon;a
scorpnmc;Scorpion;a
4in1;4 Fun in 1;a
ozon1;Ozon I;a
rockclim;Rock Climber;a
scramble;Scramble;a
atlantis;Battle of Atlantis;a
theend;The End;a
triplep;Triple Punch;a
mariner;Mariner;a
mars;Mars;a
devilfsh;Devil Fish;a
newsin7;New Sinbad 7;a
mrkougar;Mr. Kougar;a
hotshock;Hot Shocker;a
cavelon;Cavelon;a
sfx;SF-X;a
mimonkey;Mighty Monkey;a
scobra;Super Cobra;a
stratgyx;Strategy X;a
armorcar;Armored Car;a
moonwar;Moonwar;a
spdcoin;Speed Coin;a
darkplnt;Dark Planet;a
tazmania;Tazz-Mania;a
calipso;Calipso;a
anteater;Anteater;a
rescue;Rescue;a
minefld;Minefield;a
losttomb;Lost Tomb;a
superbon;Super Bond;a
hustler;Video Hustler;a
frogger;Frogger;a
amidar;Amidar;a
turtles;Turtles;a
flyboy;Fly-Boy;a
jumpcoas;Jump Coaster;a
boggy84;Boggy '84;a
redrobin;Red Robin;a
imago;Imago;a
cclimber;Crazy Climber;a
ckong;Crazy Kong;a
rpatrolb;River Patrol;a
yamato;Yamato;a
swimmer;Swimmer;a
guzzler;Guzzler;a
cannonb;Cannon Ball;a
gomoku;Gomoku Narabe Renju;a
wiping;Wiping;a
friskyt;Frisky Tom;a
radrad;Radical Radial;a
seicross;Seicross;a
firebatl;Fire Battle;a
clshroad;Clash-Road;a
tubep;Tube Panic;a
rjammer;Roller Jammer;a
magmax;Mag Max;a
cop01;Cop 01;a
mightguy;Mighty Guy;a
terracre;Terra Cresta;a
amazon;Soldier Girl Amazon;a
horekid;Kid no Hore Hore Daisakusen;a
galivan;Galivan - Cosmo Police;a
dangar;Dangar - Ufo Robo;a
ninjemak;Ninja Emaki;a
legion;Legion;a
terraf;Terra Force;a
kodure;Kodure Ookami;a
armedf;Armed Formation;a
cclimbr2;Crazy Climber 2;a
hyhoo;Taisen Quiz HYHOO;a
hyhoo2;Taisen Quiz HYHOO 2;a
pastelgl;Pastel Gal;a
crystalg;Crystal Gal;a
crystal2;Crystal Gal 2;a
citylove;City Love;a
apparel;Apparel Night;a
secolove;Second Love;a
housemnq;House Mannequin;a
housemn2;House Mannequin Roppongi Live hen;a
seiha;Seiha;a
bijokkoy;Bijokko Yume Monogatari;a
iemoto;Iemoto;a
ojousan;Ojousan;a
bijokkog;Bijokko Gakuen;a
orangec;Orange Club - Maruhi Kagai Jugyou;a
korinai;Mahjong-zukino Korinai Menmen;a
kaguya;Mahjong Kaguyahime ;a
otonano;Otona no Mahjong;a
kanatuen;Kanatsuen no Onna ;a
mjsikaku;Mahjong Shikaku;a
mjcamera;Mahjong Camera Kozou;a
idhimitu;Idol no Himitsu ;a
msjiken;Mahjong Satsujin Jiken;a
hanamomo;Mahjong Hana no Momoko gumi;a
telmahjn;Telephone Mahjong;a
gionbana;Gionbana;a
mjfocus;Mahjong Focus;a
scandal;Scandal Mahjong;a
mgmen89;Mahjong G-MEN'89;a
mjnanpas;Mahjong Nanpa Story;a
pairsten;Pairs;a
bananadr;Mahjong Banana Dream ;a
mladyhtr;Mahjong THE LADY HUNTER;a
chinmoku;Mahjong Chinmoku no Hentai;a
maiko;Maikobana;a
club90s;Mahjong CLUB 90's;a
hanaoji;Hana to Ojisan ;a
pstadium;Mahjong Panic Stadium;a
triplew1;Mahjong Triple Wars;a
triplew2;Mahjong Triple Wars 2;a
ntopstar;Mahjong Nerae! Top Star;a
mjlstory;Mahjong Jikken Love Story;a
vanilla;Mahjong Vanilla Syndrome;a
qmhayaku;Quiz-Mahjong Hayaku Yatteyo!;a
galkoku;Mahjong Gal no Kokuhaku;a
galkaika;Mahjong Gal no Kaika;a
tokyogal;Tokyo Gal Zukan;a
mcontest;Miss Mahjong Contest;a
uchuuai;Mahjong Uchuu yori Ai wo komete;a
av2mj1bb;AV2Mahjong No.1 Bay Bridge no Seijo;a
av2mj2rg;AV2Mahjong No.2 Rouge no Kaori;a
mjuraden;Mahjong Uranai Densetsu;a
koinomp;Mahjong Koi no Magic Potion;a
patimono;Mahjong Pachinko Monogatari;a
mjanbari;Medal Mahjong Janjan Baribari ;a
ultramhm;Ultra Maru-hi Mahjong;a
gal10ren;Mahjong Gal 10-renpatsu;a
renaiclb;Mahjong Ren-ai Club;a
mjlaman;Mahjong La Man;a
mkeibaou;Mahjong Keibaou;a
pachiten;Medal Mahjong Pachi-Slot Tengoku ;a
sailorws;Mahjong Sailor Wars;a
psailor1;Bishoujo Janshi Pretty Sailor 18-kin;a
psailor2;Bishoujo Janshi Pretty Sailor 2;a
otatidai;Disco Mahjong Otachidai no Okite;a
ngpgal;Nekketsu Grand-Prix Gal;a
mjgottsu;Mahjong Gottsu ee-kanji;a
cmehyou;Mahjong Circuit no Mehyou;a
mmehyou;Medal Mahjong Circuit no Mehyou ;a
mjkoiura;Mahjong Koi Uranai;a
imekura;Imekura Mahjong;a
mscoutm;Mahjong Scout Man;a
mjegolf;Mahjong Erotica Golf;a
niyanpai;Niyanpai;a
safarir;Safari Rally;a
phoenix;Phoenix;a
pleiads;Pleiads;a
survival;Survival;a
naughtyb;Naughty Boy;a
popflame;Pop Flamer;a
geebee;Gee Bee;a
bombbee;Bomb Bee;a
cutieq;Cutie Q;a
navalone;Navarone;a
kaitei;Kaitei Takara Sagashi;a
sos;SOS;a
tankbatt;Tank Battalion;a
warpwarp;Warp and Warp;a
rallyx;Rally X;a
nrallyx;New Rally X;a
jungler;Jungler;a
tactcian;Tactician;a
locomotn;Loco-Motion;a
commsega;Commando;a
bosco;Bosconian;a
galaga;Galaga;a
digdug;Dig Dug;a
xevious;Xevious;a
superpac;Super Pac-Man;a
pacnpal;Pac & Pal;a
phozon;Phozon;a
mappy;Mappy;a
digdug2;Dig Dug II;a
todruaga;Tower of Druaga;a
motos;Motos;a
grobda;Grobda;a
gaplus;Gaplus;a
liblrabl;Libble Rabble;a
toypop;Toypop;a
polepos;Pole Position;a
polepos2;Pole Position II;a
pacland;Pac-Land;a
drgnbstr;Dragon Buster;a
skykid;Sky Kid;a
baraduke;Baraduke;a
metrocrs;Metro-Cross;a
hopmappy;Hopping Mappy;a
skykiddx;Sky Kid Deluxe;a
roishtar;The Return of Ishtar;a
genpeitd;Genpei ToumaDen;a
rthunder;Rolling Thunder;a
wndrmomo;Wonder Momo;a
tceptor;Thunder Ceptor;a
shadowld;Shadow Land;a
dspirit;Dragon Spirit;a
blazer;Blazer;a
quester;Quester;a
pacmania;Pac-Mania;a
galaga88;Galaga '88;a
ws;World Stadium;a
berabohm;Beraboh Man;a
mmaze;Marchen Maze;a
bakutotu;Bakutotsu Kijuutei;a
wldcourt;World Court;a
splatter;Splatter House;a
faceoff;Face Off;a
rompers;Rompers;a
blastoff;Blast Off;a
dangseed;Dangerous Seed;a
pistoldm;Pistol Daimyo no Bouken;a
boxyboy;Boxy Boy;a
puzlclub;Puzzle Club;a
tankfrce;Tank Force;a
finallap;Final Lap;a
assault;Assault;a
metlhawk;Metal Hawk;a
ordyne;Ordyne;a
mirninja;Mirai Ninja;a
phelios;Phelios;a
dirtfoxj;Dirt Fox;a
fourtrax;Four Trax;a
valkyrie;Valkyrie No Densetsu;a
finehour;Finest Hour;a
burnforc;Burning Force;a
marvland;Marvel Land;a
kyukaidk;Kyuukai Douchuuki;a
dsaber;Dragon Saber;a
finalap2;Final Lap 2;a
gollygho;Golly! Ghost!;a
rthun2;Rolling Thunder 2;a
sgunner;Steel Gunner;a
sgunner2;Steel Gunner 2;a
cosmogng;Cosmo Gang the Video;a
finalap3;Final Lap 3;a
luckywld;Lucky and Wild;a
suzuka8h;Suzuka 8 Hours;a
sws92;Super World Stadium '92;a
suzuk8h2;Suzuka 8 Hours 2;a
sws93;Super World Stadium '93;a
bkrtmaq;Bakuretsu Quiz Ma-Q Dai Bouken;a
cgangpzl;Cosmo Gang the Puzzle;a
exvania;Exvania;a
fghtatck;Fighter and Attacker;a
knckhead;Knuckle Heads;a
swcourt;Super World Court;a
emeralda;Emeraldia;a
numanath;Numan Athletics;a
quiztou;Nettou! Gekitou! Quiztou!!;a
tinklpit;Tinkle Pit;a
xday2;X-Day 2;a
nebulray;Nebulas Ray;a
ptblank;Point Blank;a
gslgr94u;Great Sluggers '94;a
sws95;Super World Stadium '95;a
sws96;Super World Stadium '96;a
sws97;Super World Stadium '97;a
vshoot;J-League Soccer V-Shoot;a
outfxies;Outfoxies;a
machbrkr;Mach Breakers;a
ncv1;Namco Classics Collection Vol.1;a
ncv2;Namco Classics Collection Vol.2;a
winrun91;Winning Run 91;a
solvalou;Solvalou;a
starblad;Starblade;a
aircombj;Air Combat;a
cybsled;Cyber Sled;a
alpinerd;Alpine Racer;a
raveracw;Rave Racer;a
ridgeraj;Ridge Racer;a
ridger2j;Ridge Racer 2;a
acedrvrw;Ace Driver;a
victlapw;Ace Driver - Victory Lap;a
cybrcomm;Cyber Commando;a
airco22b;Air Combat 22;a
cybrcycc;Cyber Cycles;a
timecrsa;Time Crisis;a
propcycl;Prop Cycle;a
cosmicg;Cosmic Guerilla;a
cosmica;Cosmic Alien;a
panic;Space Panic;a
zerohour;Zero Hour;a
redclash;Red Clash;a
magspot;Magical Spot;a
magspot2;Magical Spot II;a
devzone;Devil Zone;a
nomnlnd;No Man's Land;a
cheekyms;Cheeky Mouse;a
ladybug;Lady Bug;a
snapjack;Snap Jack;a
cavenger;Cosmic Avenger;a
dorodon;Dorodon;a
mrdo;Mr. Do!;a
docastle;Mr. Do's Castle;a
dorunrun;Do! Run Run;a
dowild;Mr. Do's Wild Ride;a
jjack;Jumping Jack;a
kickridr;Kick Rider;a
idsoccer;Indoor Soccer;a
radarscp;Radar Scope;a
dkong;Donkey Kong;a
dkongjr;Donkey Kong Junior;a
dkong3;Donkey Kong 3;a
mario;Mario Bros.;a
spclforc;Special Forces;a
spcfrcii;Special Forces II;a
8ballact;Eight Ball Action;a
shootgal;Shooting Gallery;a
drakton;Drakton;a
strtheat;Street Heat - Cardinal Amusements;a
skyskipr;Sky Skipper;a
popeye;Popeye;a
punchout;Punch-Out!!;a
spnchout;Super Punch-Out!!;a
armwrest;Arm Wrestling;a
btlecity;Vs. Battle City;a
starlstr;Vs. Star Luster;a
cstlevna;Vs. Castlevania;a
cluclu;Vs. Clu Clu Land;a
drmario;Vs. Dr. Mario;a
duckhunt;Vs. Duck Hunt;a
excitebk;Vs. Excitebike;a
goonies;Vs. The Goonies;a
hogalley;Vs. Hogan's Alley;a
iceclimb;Vs. Ice Climber;a
ladygolf;Vs. Stroke and Match Golf;a
machridr;Vs. Mach Rider;a
rbibb;Vs. Atari R.B.I. Baseball;a
suprmrio;Vs. Super Mario Bros.;a
vsskykid;Vs. Super SkyKid;a
tkoboxng;Vs. TKO Boxing;a
smgolf;Vs. Stroke and Match Golf;a
vspinbal;Vs. Pinball;a
vsslalom;Vs. Slalom;a
vssoccer;Vs. Soccer;a
vsgradus;Vs. Gradius;a
platoon;Vs. Platoon;a
vstetris;Vs. Tetris;a
mightybj;Vs. Mighty Bomb Jack;a
jajamaru;Vs. Ninja Jajamaru Kun;a
topgun;Vs. Top Gun;a
bnglngby;Vs. Raid on Bungeling Bay;a
vstennis;Vs. Tennis;a
wrecking;Vs. Wrecking Crew;a
balonfgt;Vs. Balloon Fight;a
vsmahjng;Vs. Mahjang;a
vsbball;Vs. BaseBall;a
iceclmrj;Vs. Ice Climber Dual;a
vsgshoe;Vs. Gumshoe;a
supxevs;Vs. Super Xevious;a
vsfdf;Vs. Freedom Force;a
seawolf;Sea Wolf;a
gunfight;Gun Fight;a
tornbase;Tornado Baseball;a
280zzzap;Datsun 280 Zzzap;a
maze;Amazing Maze;a
boothill;Boot Hill;a
checkmat;Checkmate;a
desertgu;Desert Gun;a
lagunar;Laguna Racer;a
gmissile;Guided Missile;a
m4;M-4;a
clowns;Clowns;a
einnings;Extra Inning;a
shuffle;Shuffleboard;a
dogpatch;Dog Patch;a
spcenctr;Space Encounters;a
phantom2;Phantom II;a
bowler;4 Player Bowling Alley;a
invaders;Space Invaders;a
blueshrk;Blue Shark;a
invad2ct;Space Invaders II;a
invadpt2;Space Invaders Part II;a
sstrangr;Space Stranger;a
sstrngr2;Space Stranger 2;a
invrvnge;Invader's Revenge;a
galxwars;Galaxy Wars;a
lrescue;Lunar Rescue;a
rollingc;Rolling Crash - Moon Base;a
sheriff;Sheriff;a
ozmawars;Ozma Wars;a
schaser;Space Chaser;a
lupin3;Lupin III;a
helifire;HeliFire;a
spacefev;Space Fever;a
spclaser;Space Laser;a
polaris;Polaris;a
ballbomb;Balloon Bomber;a
m79amb;M79 Ambush;a
yosakdon;Yosaku To Donbee;a
cosmo;Cosmo;a
sspeedr;Super Speed Race;a
sflush;Straight Flush;a
lazercmd;Lazer Command;a
bbonk;Bigfoot Bonkers;a
deadeye;Dead Eye;a
gypsyjug;Gypsy Juggler;a
minferno;Inferno;a
medlanes;Meadows Lanes;a
seawolf2;Sea Wolf II;a
spacezap;Space Zap;a
ebases;Extra Bases;a
wow;Wizard of Wor;a
gorf;Gorf;a
robby;Robby Roto;a
profpac;Professor PacMan;a
solarfox;Solar Fox;a
kick;Kick;a
shollow;Satan's Hollow;a
tron;Tron;a
kroozr;Kozmik Kroozr;a
domino;Domino Man;a
wacko;Wacko;a
twotiger;Two Tigers;a
journey;Journey;a
tapper;Tapper;a
timber;Timber;a
dotron;Discs of Tron;a
demoderb;Demolition Derby;a
sarge;Sarge;a
rampage;Rampage;a
powerdrv;Power Drive;a
stargrds;Star Guards;a
maxrpm;Max RPM;a
spyhunt;Spy Hunter;a
turbotag;Turbo Tag;a
crater;Crater Raider;a
zwackery;Zwackery;a
xenophob;Xenophobe;a
spyhunt2;Spy Hunter 2;a
blasted;Blasted;a
archrivl;Arch Rivals;a
trisport;Tri-Sports;a
pigskin;Pigskin 621AD;a
sentetst;Sente Diagnostic Cartridge;a
cshift;Chicken Shift;a
gghost;Goalie Ghost;a
hattrick;Hat Trick;a
otwalls;Off the Wall;a
snakepit;Snake Pit;a
snakjack;Snacks'n Jaxson;a
stocker;Stocker;a
triviag1;Trivial Pursuit;a
triviag2;Trivial Pursuit;a
triviasp;Trivial Pursuit;a
triviayp;Trivial Pursuit;a
triviabb;Trivial Pursuit;a
gimeabrk;Gimme A Break;a
minigolf;Mini Golf;a
toggle;Toggle;a
nametune;Name That Tune;a
nstocker;Night Stocker;a
sfootbal;Street Football;a
spiker;Spiker;a
stompin;Stompin';a
rescraid;Rescue Raider;a
grudge;Grudge Match;a
shrike;Shrike Avenger;a
gridlee;Gridlee;a
andromed;Andromeda;a
ipminvad;IPM Invader;a
skychut;Sky Chuter;a
spacbeam;Space Beam;a
greenber;Green Beret;a
redalert;Red Alert;a
demoneye;Demoneye-X;a
olibochu;Oli-Boo-Chu;a
mpatrol;Moon Patrol;a
troangel;Tropical Angel;a
yard;10 Yard Fight;a
travrusa;Traverse USA - Zippy Race;a
shtrider;Shot Rider;a
wilytowr;Wily Tower;a
kungfum;Kung-Fu Master;a
battroad;The Battle-Road;a
ldrun;Lode Runner;a
ldrun2;Lode Runner II - The Bungeling Strikes Back;a
ldrun3;Lode Runner III - The Golden Labyrinth;a
ldrun4;Lode Runner IV - Teikoku Karano Dasshutsu;a
lotlot;Lot Lot;a
kidniki;Kid Niki - Radical Ninja;a
spelunkr;Spelunker;a
spelunk2;Spelunker II;a
horizon;Horizon;a
youjyudn;Youjyuden;a
vigilant;Vigilante;a
kikcubic;Meikyu Jima;a
rtype;R-Type;a
bchopper;Battle Chopper;a
nspirit;Ninja Spirit;a
imgfight;Image Fight;a
loht;Legend of Hero Tonma;a
xmultipl;X Multiply;a
dbreed;Dragon Breed;a
rtype2;R-Type II;a
majtitle;Major Title;a
hharry;Hammerin' Harry;a
poundfor;Pound for Pound;a
airduel;Air Duel;a
cosmccop;Cosmic Cop;a
kengo;Ken-Go;a
sichuan2;Sichuan II;a
hasamu;Hasamu;a
dynablst;Dynablaster;a
bbmanw;Bomber Man World;a
quizf1;Quiz F-1 1,2finish;a
riskchal;Risky Challenge;a
shisen2;Shisensho II;a
gunforce;Gunforce - Battle Fire Engulfed Terror Island;a
bmaster;Blade Master;a
lethalth;Lethal Thunder;a
uccops;Undercover Cops;a
mysticri;Mystic Riders;a
majtitl2;Major Title 2;a
hook;Hook;a
rtypeleo;R-Type Leo;a
inthunt;In The Hunt;a
nbbatman;Ninja Baseball Batman;a
ssoldier;Superior Soldiers;a
gunforc2;Gunforce 2;a
firebarr;Fire Barrel;a
dsoccr94;Dream Soccer '94;a
wpksoc;World PK Soccer;a
reactor;Reactor;a
mplanets;Mad Planets;a
qbert;Q*bert;a
insector;Insector;a
krull;Krull;a
sqbert;Faster, Harder, More Challenging Q*bert;a
mach3;M.A.C.H. 3;a
usvsthem;Us vs. Them;a
3stooges;The Three Stooges In Brides Is Brides;a
qbertqub;Q*bert's Qubes;a
screwloo;Screw Loose;a
curvebal;Curve Ball;a
qix;Qix;a
sdungeon;Space Dungeon;a
elecyoyo;The Electric Yo-Yo;a
kram;Kram;a
zookeep;Zoo Keeper;a
slither;Slither;a
complexx;Complex X;a
spaceskr;Space Seeker;a
spacecr;Space Cruiser;a
junglek;Jungle King;a
alpine;Alpine Ski;a
timetunl;Time Tunnel;a
wwestern;Wild Western;a
frontlin;Front Line;a
elevator;Elevator Action;a
tinstar;The Tin Star;a
waterski;Water Ski;a
bioatack;Bio Attack;a
hwrace;High Way Race;a
sfposeid;Sea Fighter Poseidon;a
kikstart;Kick Start Wheelie King;a
crbaloon;Crazy Balloon;a
sbowling;Strike Bowling;a
grchamp;Grand Champion;a
marinedt;Marine Date;a
bking;Birdie King;a
bking2;Birdie King 2;a
bking3;Birdie King 3;a
chaknpop;Chack'n Pop;a
josvolly;Joshi Volleyball;a
gsword;Great Swordsman;a
pitnrun;Pit and Run;a
lkage;The Legend of Kage;a
msisaac;Metal Soldier Isaac II;a
retofinv;Return of the Invaders;a
fightrol;Fighting Roller;a
vsgongf;VS Gong Fight;a
fieldday;Field Day;a
40love;Forty-Love;a
tsamurai;Samurai Nihon-ichi;a
nunchaku;Nunchackun;a
yamagchi;Go Go Mr. Yamaguchi - Yuke Yuke Yamaguchi-kun;a
m660;Mission 660;a
buggychl;Buggy Challenge;a
ssrj;Super Speed Race Junior;a
bigevglf;Big Event Golf;a
flstory;The FairyLand Story;a
onna34ro;Onna Sansirou - Typhoon Gal;a
gladiatr;Gladiator;a
nycaptor;N.Y. Captor;a
cyclshtg;Cycle Shooting;a
benberob;Ben Bero Beh;a
halleys;Halley's Comet;a
lsasquad;Land Sea Air Squad - Riku Kai Kuu Saizensen;a
tokio;Tokio - Scramble Formation;a
bublbobl;Bubble Bobble;a
kikikai;KiKi KaiKai;a
kicknrun;Kick and Run;a
darius;Darius;a
rastan;Rastan;a
topspeed;Top Speed;a
opwolf;Operation Wolf;a
othunder;Operation Thunderbolt;a
rainbow;Rainbow Islands;a
arkanoid;Arkanoid;a
superqix;Super Qix;a
perestro;Perestroika Girls;a
pbillian;Prebillian;a
hotsmash;Hot Smash;a
exzisus;Exzisus;a
minivadr;Minivader;a
volfied;Volfied;a
bonzeadv;Bonze Adventure;a
asuka;Asuka and Asuka;a
mofflott;Maze of Flott;a
cadash;Cadash;a
galmedes;Galmedes;a
earthjkr;U.N. Defense Force - Earth Joker;a
eto;Kokontouzai Eto Monogatari;a
wgp;World Grand Prix;a
slapshot;Slap Shot;a
opwolf3;Operation Wolf 3;a
ashnojoe;Ashita no Joe;a
ninjaw;The Ninja Warriors;a
darius2;Darius II;a
warriorb;Warrior Blade - Rastan Saga Episode III;a
superman;Superman;a
twinhawk;Twin Hawk;a
gigandes;Gigandes;a
kyustrkr;Last Striker - Kyuukyoku no Striker;a
ballbros;Balloon Brothers;a
plumppop;Plump Pop;a
extrmatn;Extermination;a
arknoid2;Arkanoid - Revenge of DOH;a
drtoppel;Dr. Toppel's Adventure;a
kageki;Kageki;a
chukatai;Chuka Taisen;a
tnzs;The NewZealand Story;a
insectx;Insector X;a
raimais;Raimais;a
kurikint;Kuri Kinton;a
evilston;Evil Stone;a
fhawk;Fighting Hawk;a
plotting;Plotting;a
champwr;Champion Wrestler;a
puzznic;Puzznic;a
horshoes;American Horseshoes;a
palamed;Palamedes;a
cachat;Cachat;a
cubybop;Cuby Bop;a
plgirls;Play Girls;a
plgirls2;Play Girls 2;a
syvalion;Syvalion;a
recordbr;Recordbreaker;a
dleague;Dynamite League;a
masterw;Master of Weapon;a
nastar;Nastar;a
rambo3;Rambo III;a
crimec;Crime City;a
viofight;Violence Fight;a
ashura;Ashura Blaster;a
hitice;Hit the Ice;a
sbm;Sonic Blast Man;a
selfeena;Sel Feena;a
silentd;Silent Dragon;a
ryujin;Ryu Jin;a
qzshowby;Quiz Sekai wa SHOW by shobai;a
pbobble;Puzzle Bobble;a
spacedx;Space Invaders DX v2.1;a
contcirc;Continental Circus;a
chasehq;Chase H.Q.;a
enforce;Enforce;a
nightstr;Night Striker;a
sci;Special Criminal Investigation;a
bshark;Battle Shark;a
aquajack;Aqua Jack;a
spacegun;Space Gun;a
dblaxle;Double Axle;a
topland;Top Landing;a
ainferno;Air Inferno;a
gunbustr;Gunbuster;a
superchs;Super Chase - Criminal Termination;a
groundfx;Ground Effects - Super Ground Effects;a
undrfire;Under Fire;a
finalb;Final Blow;a
dondokod;Don Doko Don;a
megab;Mega Blast;a
thundfox;Thunder Fox;a
cameltry;Cameltry;a
qtorimon;Quiz Torimonochou;a
liquidk;Liquid Kids;a
quizhq;Quiz H.Q.;a
ssi;Super Space Invaders '91;a
gunfront;Gun and Frontier;a
growl;Growl;a
mjnquest;Mahjong Quest;a
footchmp;Football Champ;a
koshien;Ah Eikou no Koshien;a
yuyugogo;Yuuyu no Quiz de GO!GO!;a
ninjak;The Ninja Kids;a
solfigtr;Solitary Fighter;a
qzquest;Quiz Quest - Hime to Yuusha no Monogatari;a
pulirula;PuLiRuLa;a
metalb;Metal Black;a
qzchikyu;Quiz Chikyu Bouei Gun;a
yesnoj;Yes-No Sinri Tokimeki Chart;a
deadconx;Dead Connection;a
dinorex;Dino Rex;a
qjinsei;Quiz Jinsei Gekijoh;a
qcrayon;Quiz Crayon Shinchan;a
qcrayon2;Crayon Shinchan Orato Asobo;a
driftout;Drift Out;a
ringrage;Ring Rage;a
arabianm;Arabian Magic;a
ridingf;Riding Fight;a
gseeker;Grid Seeker - Project Stormhammer;a
trstar;Top Ranking Stars;a
gunlock;Gunlock;a
scfinals;Super Cup Finals;a
dungeonm;Dungeon Magic;a
kaiserkn;Kaiser Knuckle;a
dariusg;Darius Gaiden - Silver Hawk;a
bublbob2;Bubble Bobble 2;a
pwrgoal;Taito Power Goal;a
qtheater;Quiz Theater - 3tsu no Monogatari;a
elvactr;Elevator Action Returns;a
spcinv95;Space Invaders '95 - Attack Of The Lunar Loonies;a
twinqix;Twin Qix;a
quizhuhu;Moriguchi Hiroko no Quiz de Hyuu!Hyuu!;a
pbobble2;Puzzle Bobble 2;a
gekirido;Gekirindan;a
ktiger2;Kyukyoku Tiger 2;a
bubblem;Bubble Memories - The Story Of Bubble Bobble 3;a
cleopatr;Cleopatra Fortune;a
pbobble3;Puzzle Bobble 3;a
arkretrn;Arkanoid Returns;a
kirameki;Kirameki Star Road;a
puchicar;Puchi Carat;a
pbobble4;Puzzle Bobble 4;a
popnpop;Pop 'N Pop;a
landmakr;Land Maker;a
perfrman;Performan;a
tigerh;Tiger Heli;a
slapfigh;Slap Fight;a
getstar;Guardian;a
mjsister;Mahjong Sisters;a
fshark;Flying Shark;a
wardner;Wardner;a
twincobr;Twin Cobra;a
gulfwar2;Gulf War II;a
rallybik;Rally Bike - Dash Yarou;a
truxton;Truxton - Tatsujin;a
hellfire;Hellfire;a
zerowing;Zero Wing;a
demonwld;Demon's World - Horror Story;a
fireshrk;Fire Shark;a
outzone;Out Zone;a
vimana;Vimana;a
snowbros;Snow Bros. - Nick & Tom;a
hyperpac;Hyper Pacman;a
moremorp;More More +;a
3in1semi;3-in-1;a
4in1boot;4-in-1 bootleg;a
cookbib2;Cookie and Bibi 2;a
tekipaki;Teki Paki;a
ghox;Ghox;a
dogyuun;Dogyuun;a
kbash;Knuckle Bash;a
kbash2;Knuckle Bash 2;a
truxton2;Truxton II - Tatsujin II - Tatsujin Oh;a
pipibibs;Pipi and Bibis - Whoopee!!;a
fixeight;FixEight;a
vfive;V-Five;a
batsugun;Batsugun;a
snowbro2;Snow Bros. 2 - With New Elves - Otenki Paradise;a
mahoudai;Mahou Daisakusen;a
shippumd;Shippu Mahou Daisakusen;a
battleg;Battle Garegga - Type 2;a
batrider;Armed Police Batrider;a
bbakraid;Battle Bakraid;a
pwrinst2;Power Instinct 2;a
plegends;Power Instinct Legends;a
mazinger;Mazinger Z;a
donpachi;DonPachi;a
metmqstr;Metamoqester;a
sailormn;Pretty Soldier Sailor Moon;a
agallet;Air Gallet;a
hotdogst;Hotdog Storm;a
ddonpach;DoDonPachi;a
dfeveron;Dangun Feveron;a
esprade;ESP Ra.De.;a
uopoko;Uo Poko;a
guwange;Guwange;a
gaia;Gaia Crusaders;a
theroes;Thunder Heroes;a
gyrodine;Gyrodine;a
sonofphx;Son of Phoenix;a
flashgal;Flashgal;a
srdmissn;S.R.D. Mission;a
legend;Legend;a
airwolf;Airwolf;a
defender;Defender;a
mayday;Mayday;a
colony7;Colony 7;a
stargate;Stargate;a
robotron;Robotron;a
joust;Joust;a
bubbles;Bubbles;a
splat;Splat!;a
sinistar;Sinistar;a
playball;PlayBall!;a
blaster;Blaster;a
spdball;Speed Ball;a
alienar;Alien Arena;a
alienaru;Alien Arena;a
mysticm;Mystic Marathon;a
tshoot;Turkey Shoot;a
inferno;Inferno;a
joust2;Joust 2 - Survival of the Fittest;a
lottofun;Lotto Fun;a
vulgus;Vulgus;a
sonson;Son Son;a
higemaru;Pirate Ship Higemaru;a
1942;1942;a
exedexes;Exed Exes;a
commando;Commando;a
gng;Ghosts'n Goblins;a
diamond;Diamond Run;a
gunsmoke;Gun.Smoke;a
sectionz;Section Z;a
trojan;Trojan;a
srumbler;The Speed Rumbler;a
lwings;Legendary Wings;a
sidearms;Side Arms - Hyper Dyne;a
turtship;Turtle Ship;a
dyger;Dyger;a
whizz;Whizz;a
avengers;Avengers;a
bionicc;Bionic Commando;a
1943;1943 - The Battle of Midway;a
1943mii;1943 - The Battle of Midway Mark II;a
blktiger;Black Tiger;a
sf1;Street Fighter;a
tigeroad;Tiger Road;a
f1dream;F-1 Dream;a
1943kai;1943 Kai - Midway Kaisen;a
lastduel;Last Duel;a
madgear;Mad Gear;a
leds2011;Led Storm Rally 2011;a
forgottn;Forgotten Worlds;a
ghouls;Ghouls'n Ghosts;a
strider;Strider;a
dw;Dynasty Wars;a
willow;Willow;a
unsquad;U.N. Squadron;a
ffight;Final Fight;a
1941;1941 - Counter Attack;a
mercs;Mercs;a
mtwins;Mega Twins;a
msword;Magic Sword - Heroic Fantasy;a
cawing;Carrier Air Wing;a
nemo;Nemo;a
sf2;Street Fighter II - The World Warrior;a
3wonders;Three Wonders;a
kod;The King of Dragons;a
captcomm;Captain Commando;a
knights;Knights of the Round;a
sf2ce;Street Fighter II' - Champion Edition;a
varth;Varth - Operation Thunderstorm;a
cworld2j;Capcom World 2;a
wof;Warriors of Fate;a
dino;Cadillacs and Dinosaurs;a
punisher;The Punisher;a
slammast;Saturday Night Slam Masters;a
pnickj;Pnickies;a
qad;Quiz and Dragons;a
qtono2;Quiz Tonosama no Yabou 2 Zenkoku-ban;a
pang3;Pang! 3;a
megaman;Mega Man - The Power Battle;a
wofch;Tenchi wo Kurau II: Sekiheki no Tatakai;a
ssf2;Super Street Fighter 2: The New Challengers;a
ecofghtr;Eco Fighters;a
ddtod;Dungeons and Dragons: Tower of Doom;a
avsp;Alien vs. Predator;a
dstlk;Darkstalkers: The Night Warriors;a
ringdest;Ring of Destruction: Slammasters II;a
armwar;Armored Warriors;a
xmcota;X-Men: Children of the Atom;a
nwarr;Night Warriors: Darkstalkers' Revenge;a
cybots;Cyberbots: Fullmetal Madness;a
sfa;Street Fighter Alpha: Warriors' Dreams;a
msh;Marvel Super Heroes;a
19xx;19XX: The War Against Destiny;a
ddsom;Dungeons and Dragons: Shadow over Mystara;a
sfa2;Street Fighter Alpha 2;a
spf2t;Super Puzzle Fighter 2 Turbo;a
qndream;Quiz Nanairo Dreams: Nijiirochou no Kiseki;a
megaman2;Mega Man 2: The Power Fighters;a
xmvsf;X-Men Vs. Street Fighter;a
batcir;Battle Circuit;a
vsav;Vampire Savior: The Lord of Vampire;a
mshvsf;Marvel Super Heroes Vs. Street Fighter;a
csclub;Capcom Sports Club;a
sgemf;Super Gem Fighter Mini Mix;a
vhunt2;Vampire Hunter 2: Darkstalkers Revenge;a
vsav2;Vampire Savior 2: The Lord of Vampire;a
mvsc;Marvel Vs. Capcom: Clash of Super Heroes;a
sfa3;Street Fighter Alpha 3;a
hsf2a;Hyper Street Fighter II: The Anniversary Edition;a
gigawing;Giga Wing;a
dimahoo;Dimahoo;a
mmatrix;Mars Matrix: Hyper Solid Shooting;a
1944;1944: The Loop Master;a
mpangj;Mighty! Pang;a
progear;Progear;a
pzloop2j;Puzz Loop 2;a
primrag2;Primal Rage 2;a
sncwgltd;Sonic Wings Limited;a
tekken;Tekken;a
tekken2;Tekken 2 Ver.B;a
souledge;Soul Edge Ver. II;a
dunkmnia;Dunk Mania;a
xevi3dg;Xevious 3D-G;a
primglex;Prime Goal EX;a
danceyes;Dancing Eyes;a
starswep;Star Sweep;a
myangel3;Kosodate Quiz My Angel 3;a
tekken3;Tekken 3;a
soulclbr;Soul Calibur;a
ehrgeiz;Ehrgeiz;a
mdhorse;Derby Quiz My Dream Horse;a
fgtlayer;Fighting Layer;a
pacapp;Paca Paca Passion;a
sws99;Super World Stadium '99;a
tekkentt;Tekken Tag Tournament;a
mrdrillr;Mr Driller;a
aquarush;Aqua Rush;a
golgo13;Golgo 13;a
mrdrilr2;Mr Driller 2;a
cryptklr;Crypt Killer;a
mgakuen;Mahjong Gakuen;a
mgakuen2;Mahjong Gakuen 2 Gakuen-chou no Fukushuu;a
pkladies;Poker Ladies;a
dokaben;Dokaben;a
pang;Pang;a
cbasebal;Capcom Baseball;a
cworld;Capcom World;a
hatena;Adventure Quiz 2 Hatena Hatena no Dai-Bouken;a
spang;Super Pang;a
marukin;Super Marukin-Ban;a
qtono1;Quiz Tonosama no Yabou;a
qsangoku;Quiz Sangokushi;a
block;Block Block;a
capbowl;Capcom Bowling;a
bowlrama;Bowl-O-Rama;a
wfortune;Wheel Of Fortune;a
stratab;Strata Bowling;a
sstrike;Super Strike Bowling;a
gtg;Golden Tee Golf;a
hstennis;Hot Shots Tennis;a
slikshot;Slick Shot;a
dynobop;Dyno Bop;a
arlingtn;Arlington Horse Racing;a
peggle;Peggle;a
rimrockn;Rim Rockin' Basketball;a
ninclown;Ninja Clowns;a
gtg2;Golden Tee Golf II;a
neckneck;Neck-n-Neck;a
timekill;Time Killers;a
hardyard;Hard Yardage;a
bloodstm;Blood Storm;a
pairs;Pairs;a
drivedge;Driver's Edge;a
wcbowl;World Class Bowling;a
sftm;Street Fighter - The Movie;a
shufshot;Shuffleshot;a
cerberus;Cerberus;a
mayhem;Mayhem 2002;a
powrplay;Power Play;a
wseries;World Series - The Season;a
alleymas;Alley Master;a
dangerz;Danger Zone;a
basebal2;Baseball The Season II;a
dblplay;Super Baseball Double Play Home Run Derby;a
strkzone;Strike Zone Baseball;a
redlin2p;Redline Racer;a
quarterb;Quarterback;a
viper;Viper;a
teamqb;John Elway's Team Quarterback;a
aafb;All American Football;a
offroad;Ironman Stewart's Super Off-Road;a
offroadt;Ironman Stewart's Super Off-Road Track Pack;a
pigout;Pigout;a
ataxx;Ataxx;a
wsf;World Soccer Finals;a
indyheat;Danny Sullivan's Indy Heat;a
brutforc;Brute Force;a
asylum;Asylum;a
blockade;Blockade;a
comotion;Comotion;a
hustle;Hustle;a
blasto;Blasto;a
mineswpr;Minesweeper;a
depthch;Depthcharge;a
safari;Safari;a
frogs;Frogs;a
sspaceat;Space Attack;a
sspacaho;Space Attack - Head On;a
headon;Head On;a
headon2;Head On 2;a
invho2;Invinco - Head On 2;a
samurai;Samurai;a
invinco;Invinco;a
invds;Invinco - Deep Scan;a
tranqgun;Tranquilizer Gun;a
spacetrk;Space Trek;a
carnival;Carnival;a
brdrlinb;Borderline;a
digger;Digger;a
pulsar;Pulsar;a
heiankyo;Heiankyo Alien;a
alphaho;Alpha Fighter - Head On;a
spacfury;Space Fury;a
zektor;Zektor;a
tacscan;Tac-Scan;a
elim2;Eliminator;a
startrek;Star Trek;a
astrob;Astro Blaster;a
005;005;a
monsterb;Monster Bash;a
spaceod;Space Odyssey;a
pignewt;Pig Newton;a
sindbadm;Sindbad Mystery;a
zaxxon;Zaxxon;a
szaxxon;Super Zaxxon;a
futspy;Future Spy;a
razmataz;Razzmatazz;a
ixion;Ixion;a
congo;Congo Bongo;a
chboxing;Champion Boxing;a
chwrestl;Champion Pro Wrestling;a
dokidoki;Doki Doki Penguin Land;a
starjack;Star Jacker;a
regulus;Regulus;a
upndown;Up'n Down;a
mrviking;Mister Viking;a
swat;SWAT;a
flicky;Flicky;a
wmatch;Water Match;a
bullfgt;Bullfight;a
spatter;Spatter;a
pitfall2;Pitfall II;a
seganinj;Sega Ninja;a
imsorry;I'm Sorry;a
teddybb;TeddyBoy Blues;a
hvymetal;Heavy Metal;a
myhero;My Hero;a
shtngmst;Shooting Master;a
chplft;Choplifter;a
4dwarrio;4-D Warriors;a
brain;Brain;a
raflesia;Rafflesia;a
wboy;Wonder Boy;a
gardia;Gardia;a
noboranb;Noboranka;a
blockgal;Block Gal;a
tokisens;Toki no Senshi - Chrono Soldier;a
wbml;Wonder Boy in Monster Land;a
dakkochn;DakkoChan Jansoh;a
ufosensi;Ufo Senshi Yohko Chan;a
hangonjr;Hang-On Jr.;a
transfrm;Transformer;a
ridleofp;Riddle of Pythagoras;a
fantzn2;Fantasy Zone 2;a
opaopa;Opa Opa;a
turbo;Turbo;a
subroc3d;Subroc-3D;a
buckrog;Buck Rogers - Planet of Zoom;a
kopunch;KO Punch;a
suprloco;Super Locomotive;a
dotrikun;Dottori Kun;a
spcpostn;Space Position;a
angelkds;Angel Kids;a
alexkidd;Alex Kidd: The Lost Stars;a
astorm;Alien Storm;a
enduror;Enduro Racer;a
eswat;E-Swat - Cyber Police;a
fpoint;Flash Point;a
moonwalk;Michael Jackson's Moonwalker;a
passsht;Passing Shot;a
shangon;Super Hang-On;a
tetris;Tetris;a
aceattac;Ace Attacker;a
afighter;Action Fighter;a
bloxeed;Bloxeed;a
cltchitr;Clutch Hitter;a
cotton;Cotton;a
ddcrew;DD Crew;a
dunkshot;Dunk Shot;a
exctleag;Excite League;a
lghost;Laser Ghost;a
loffire;Line of Fire;a
mvp;MVP;a
ryukyu;Ryukyu;a
suprleag;Super League;a
thndrbld;Thunder Blade;a
toutrun;Turbo Out Run;a
aburner2;After Burner II;a
aliensyn;Alien Syndrome;a
altbeast;Altered Beast;a
atomicp;Atomic Point;a
aurail;Aurail;a
bayroute;Bay Route;a
bodyslam;Body Slam;a
dduxbl;Dynamite Dux;a
fantzone;Fantasy Zone;a
goldnaxe;Golden Axe;a
hangon;Hang-On;a
hwchamp;Heavyweight Champ;a
mjleague;Major League;a
outrun;Out Run;a
quartet;Quartet;a
riotcity;Riot City;a
sdi;SDI - Strategic Defense Initiative;a
sharrier;Space Harrier;a
shdancer;Shadow Dancer;a
shinobi;Shinobi;a
sonicbom;Sonic Boom;a
timscanr;Time Scanner;a
toryumon;Toryumon;a
tturf;Tough Turf;a
wb3;Wonder Boy III - Monster Lair;a
wrestwar;Wrestle War;a
hotrod;Hot Rod;a
bnzabros;Bonanza Bros;a
dcclub;Dynamic Country Club;a
mahmajn;Tokoro San no MahMahjan;a
qgh;Quiz Ghost Hunter;a
quizmeku;Quiz Mekurumeku Story;a
qrouka;Quiz Rouka Ni Tattenasai;a
mahmajn2;Tokoro San no MahMahjan 2;a
sspirits;Scramble Spirits;a
sgmast;Super Masters Golf;a
qsww;Quiz Syukudai wo Wasuremashita;a
gground;Gain Ground;a
crkdown;Crackdown;a
holo;Holosseum;a
svf;Super Visual Football - European Sega Cup;a
brival;Burning Rival;a
radm;Rad Mobile;a
radr;Rad Rally;a
f1en;F1 Exhaust Note;a
alien3;Alien3: The Gun;a
sonic;Segasonic the Hedgehog;a
jpark;Jurassic Park;a
ga2;Golden Axe - The Revenge of Death Adder;a
spidey;Spider-Man: The Videogame;a
arabfgt;Arabian Fight;a
arescue;Air Rescue;a
f1lap;F1 Super Lap;a
dbzvrvs;Dragon Ball Z V.R.V.S.;a
darkedge;Dark Edge;a
slipstrm;Slipstream;a
orunners;Outrunners;a
harddunk;Hard Dunk;a
titlef;Title Fight;a
scross;Stadium Cross;a
sfish2;Sport Fishing 2;a
logicpro;Logic Pro;a
karianx;Karian Cross;a
logicpr2;Logic Pro 2;a
columns;Columns;a
columns2;Columns II - The Voyage Through Time;a
ssonicbr;SegaSonic Bros;a
borench;Borench;a
tfrceac;ThunderForce AC;a
ribbit;Ribbit!;a
tantr;Tant-R;a
puyopuyo;Puyo Puyo;a
ichidant;Puzzle & Action: Ichidant-R;a
stkclmns;Stack Columns;a
puyopuy2;Puyo Puyo 2;a
potopoto;Poto Poto;a
zunkyou;Zunzunkyou No Yabou;a
pclubj;Print Club;a
puckpkmn;Puckman Pockimon;a
lnc;Lock'n'Chase;a
zoar;Zoar;a
btime;Burger Time;a
wtennis;World Tennis;a
brubber;Burnin' Rubber;a
disco;Disco No.1;a
sdtennis;Super Doubles Tennis;a
mmonkey;Minky Monkey;a
madalien;Mad Alien;a
astrof;Astro Fighter;a
tomahawk;Tomahawk 777;a
prosoccr;Pro Soccer;a
prosport;Prosport;a
boomrang;Boomer Rang'r - Genesis;a
kamikcab;Kamikaze Cabbie;a
liberate;Liberation;a
bwing;B-Wings;a
zaviga;Zaviga;a
kchamp;Karate Champ;a
compgolf;Competition Golf Final Round;a
tryout;Pro Yakyuu Nyuudan Test Tryout;a
firetrap;Fire Trap;a
metlclsh;Metal Clash;a
brkthru;Break Thru;a
darwin;Darwin 4078;a
shootout;Shoot Out;a
sidepckt;Side Pocket;a
exprraid;Express Raider;a
pcktgal;Pocket Gal;a
battlera;Battle Rangers;a
actfancr;Act-Fancer Cybernetick Hyper Weapon;a
triothep;Trio The Punch - Never Forget Me...;a
lastmisn;Last Mission;a
shackled;Shackled;a
csilver;Captain Silver;a
ghostb;The Real Ghostbusters;a
srdarwin;Super Real Darwin;a
gondo;Gondomania;a
garyoret;Garyo Retsuden;a
cobracom;Cobra-Command;a
oscar;Psycho-Nics Oscar;a
karnov;Karnov;a
wndrplnt;Wonder Planet;a
chelnov;Chelnov - Atomic Runner;a
hbarrel;Heavy Barrel;a
baddudes;Bad Dudes vs. Dragonninja;a
birdtry;Birdie Try;a
robocop;Robocop;a
hippodrm;Hippodrome;a
slyspy;Sly Spy;a
midres;Midnight Resistance;a
bouldash;Boulder Dash - Boulder Dash Part 2;a
stadhero;Stadium Hero;a
madmotor;Mad Motor;a
vaportra;Vapor Trail - Hyper Offence Formation;a
cbuster;Crude Buster;a
darkseal;Dark Seal;a
edrandy;The Cliffhanger - Edward Randy;a
supbtime;Super Burger Time;a
mutantf;Mutant Fighter;a
cninja;Caveman Ninja;a
robocop2;Robocop 2;a
thndzone;Thunder Zone;a
chinatwn;China Town;a
rohga;Rohga Armour Force;a
captaven;Captain America and The Avengers;a
tumblep;Tumble Pop;a
jumpkids;Jump Kids;a
fncywld;Fancy World - Earth of Crisis;a
htchctch;Hatch Catch;a
bcstry;BC Story;a
lemmings;Lemmings;a
dragngun;Dragon Gun;a
wizdfire;Wizard Fire;a
funkyjet;Funky Jet;a
nitrobal;Nitro Ball;a
dietgo;Diet Go Go;a
pktgaldx;Pocket Gal Deluxe;a
boogwing;Boogie Wings;a
dblewing;Double Wings;a
fghthist;Fighters History;a
hvysmsh;Heavy Smash;a
nslasher;Night Slashers;a
lockload;Locked 'n Loaded;a
joemacr;Joe and Mac Returns;a
tattass;Tattoo Assassins;a
charlien;Charlie Ninja;a
backfire;Backfire!;a
chainrec;Chain Reaction;a
sotsugyo;Sotsugyo Shousho;a
sshangha;Super Shanghai Dragon's Eye;a
wcvol95;World Cup Volley 95;a
osman;Osman;a
prtytime;Party Time: Gonta the Diver II / Ganbare! Gonta!! 2;a
hangzo;Hangzo;a
avengrgs;Avengers In Galactic Storm;a
skullfng;Skull Fang;a
hoops96;Hoops '96;a
senjyo;Senjyo;a
starforc;Star Force;a
baluba;Baluba-louk no Densetsu;a
bombjack;Bomb Jack;a
pbaction;Pinball Action;a
tehkanwc;Tehkan World Cup;a
gridiron;Gridiron Fight;a
teedoff;Tee'd Off;a
solomon;Solomon's Key;a
rygar;Rygar;a
gemini;Gemini Wing;a
silkworm;Silk Worm;a
tbowl;Tecmo Bowl;a
shadoww;Shadow Warriors;a
wildfang;Wild Fang - Tecmo Knight;a
stratof;Raiga - Strato Fighter;a
wc90;Tecmo World Cup '90;a
spbactn;Super Pinball Action;a
fstarfrc;Final Star Force;a
ginkun;Ganbare Ginkun;a
riot;Riot;a
deroon;Deroon DeroDero;a
tkdensho;Touki Denshou -Angel Eyes-;a
tutankhm;Tutankham;a
junofrst;Juno First;a
pooyan;Pooyan;a
timeplt;Time Pilot;a
psurge;Power Surge;a
megazone;Mega Zone;a
pandoras;Pandora's Palace;a
gyruss;Gyruss;a
trackfld;Track and Field;a
whizquiz;Whiz Quiz;a
mastkin;The Masters of Kin;a
rocnrope;Roc'n Rope;a
circusc;Circus Charlie;a
tp84;Time Pilot '84;a
hyperspt;Hyper Sports;a
sbasketb;Super Basketball;a
mikie;Mikie;a
roadf;Road Fighter;a
yiear;Yie Ar Kung-Fu;a
kicker;Kicker;a
pingpong;Ping Pong;a
gberet;Green Beret;a
mrgoemon;Mr. Goemon;a
jailbrek;Jail Break;a
finalizr;Finalizer - Super Transformation;a
ironhors;Iron Horse;a
jackal;Jackal;a
ddribble;Double Dribble;a
contra;Contra;a
combasc;Combat School;a
rockrage;Rock 'n Rage;a
mx5000;MX5000;a
fastlane;Fast Lane;a
tricktrp;Trick Trap;a
thehustl;The Hustler;a
battlnts;Battlantis;a
bladestl;Blades of Steel;a
hcastle;Haunted Castle;a
ajax;Ajax;a
scontra;Super Contra;a
thunderx;Thunder Cross;a
mainevt;The Main Event;a
devstors;Devastators;a
88games;88 Games;a
gbusters;Gang Busters;a
crimfght;Crime Fighters;a
spy;S.P.Y. - Special Project Y;a
bottom9;Bottom of the Ninth;a
blockhl;Block Hole;a
aliens;Aliens;a
surpratk;Surprise Attack;a
parodius;Parodius DA!;a
rollerg;Rollergames;a
simpsons;The Simpsons;a
esckids;Escape Kids;a
vendetta;Vendetta;a
mogura;Mogura Desse;a
wecleman;WEC Le Mans 24;a
hotchase;Hot Chase;a
chqflag;Chequered Flag;a
ultraman;Ultraman;a
hexion;Hexion;a
lethalen;Lethal Enforcers;a
nemesis;Nemesis;a
konamigt;Konami GT;a
salamand;Salamander;a
blkpnthr;Black Panther;a
citybomb;City Bomber;a
kittenk;Kitten Kaboodle;a
hcrash;Hyper Crash;a
twinbee;TwinBee;a
gwarrior;Galactic Warriors;a
devilw;Devil World;a
vulcan;Vulcan Venture;a
cuebrick;Cue Brick;a
fround;The Final Round;a
mia;M.I.A. - Missing in Action;a
tmnt;Teenage Mutant Ninja Turtles;a
punkshot;Punk Shot;a
lgtnfght;Lightning Fighters;a
blswhstl;Bells and Whistles;a
glfgreat;Golfing Greats;a
tmnt2;Teenage Mutant Ninja Turtles - Turtles in Time;a
ssriders;Sunset Riders;a
xmen;X-Men;a
xexex;Xexex;a
asterix;Asterix;a
gijoe;GI Joe;a
thndrx2;Thunder Cross II;a
prmrsocr;Premier Soccer;a
qgakumon;Quiz Gakumon no Susume;a
moo;Wild West C.O.W.-Boys of Moo Mesa;a
bucky;Bucky O'Hare;a
gaiapols;Gaiapolis;a
mystwarr;Mystic Warriors;a
viostorm;Violent Storm;a
dadandrn;Kyukyoku Sentai Dadandarn;a
metamrph;Metamorphic Force;a
mtlchamp;Martial Champion;a
rungun;Run and Gun;a
dbz;Dragonball Z;a
dbz2;Dragonball Z 2 Super Battle;a
bishi;Bishi Bashi Championship Mini Game Senshuken;a
sbishi;Super Bishi Bashi Championship;a
overdriv;Over Drive;a
gradius3;Gradius III;a
plygonet;Polygonet Commanders;a
bm1stmix;beatmania;a
bm2ndmix;beatmania 2nd MIX;a
bmcompmx;beatmania complete MIX;a
bm4thmix;beatmania 4th MIX;a
hmcompm2;hiphopmania complete MIX 2;a
bmdct;beatmania f. Dreams Come True;a
bmcorerm;beatmania CORE REMIX;a
carpolo;Car Polo;a
sidetrac;Side Track;a
targ;Targ;a
spectar;Spectar;a
venture;Venture;a
mtrap;Mouse Trap;a
pepper2;Pepper II;a
hardhat;Hard Hat;a
fax;Fax;a
circus;Circus;a
robotbwl;Robot Bowl;a
crash;Crash;a
ripcord;Rip Cord;a
starfire;Star Fire;a
fireone;Fire One;a
victory;Victory;a
teetert;Teeter Torture;a
crossbow;Crossbow;a
cheyenne;Cheyenne;a
combat;Combat;a
cracksht;Crackshot;a
claypign;Clay Pigeon;a
chiller;Chiller;a
topsecex;Top Secret;a
hitnmiss;Hit 'n Miss;a
whodunit;Who Dunit;a
showdown;Showdown;a
copsnrob;Cops'n Robbers;a
flyball;Flyball;a
sprint4;Sprint 4;a
nitedrvr;Night Driver;a
dominos;Dominos;a
triplhnt;Triple Hunt;a
sprint8;Sprint 8;a
dragrace;Drag Race;a
poolshrk;Poolshark;a
starshp1;Starship 1;a
superbug;Super Bug;a
canyon;Canyon Bomber;a
destroyr;Destroyer;a
sprint1;Sprint 1;a
ultratnk;Ultra Tank;a
skyraid;Sky Raider;a
tourtabl;Tournament Table;a
avalnche;Avalanche;a
firetrk;Fire Truck;a
skydiver;Sky Diver;a
sbrkout;Super Breakout;a
atarifb;Atari Football;a
orbit;Orbit;a
boxer;Boxer;a
wolfpack;Wolf Pack;a
videopin;Video Pinball;a
subs;Subs;a
bsktball;Basketball;a
abaseb;Atari Baseball;a
montecar;Monte Carlo;a
soccer;Atari Soccer;a
missile;Missile Command;a
llander;Lunar Lander;a
asteroid;Asteroids;a
astdelux;Asteroids Deluxe;a
bzone;Battle Zone;a
bradley;Bradley Trainer;a
redbaron;Red Baron;a
tempest;Tempest;a
spacduel;Space Duel;a
gravitar;Gravitar;a
quantum;Quantum;a
bwidow;Black Widow;a
starwars;Star Wars;a
mhavoc;Major Havoc;a
esb;The Empire Strikes Back;a
warlords;Warlords;a
centiped;Centipede;a
milliped;Millipede;a
qwak;Qwak;a
runaway;Runaway;a
tunhunt;Tunnel Hunt;a
liberatr;Liberator;a
foodf;Food Fight;a
ccastles;Crystal Castles;a
cloak;Cloak and Dagger;a
cloud9;Cloud 9;a
jedi;Return of the Jedi;a
peterpak;Peter Pack-Rat;a
marble;Marble Madness;a
indytemp;Indiana Jones and the Temple of Doom;a
roadrunn;Road Runner;a
roadblst;Road Blasters;a
paperboy;Paperboy;a
ssprint;Super Sprint;a
csprint;Championship Sprint;a
720;720 Degrees;a
apb;APB - All Points Bulletin;a
irobot;I, Robot;a
harddriv;Hard Drivin';a
stunrun;S.T.U.N. Runner;a
racedriv;Race Drivin';a
steeltal;Steel Talons;a
hdrivair;Hard Drivin's Airborne;a
gauntlet;Gauntlet;a
gaunt2;Gauntlet II;a
vindctr2;Vindicators Part II;a
xybots;Xybots;a
blstroid;Blasteroids;a
vindictr;Vindicators;a
toobin;Toobin';a
cyberbal;Cyberball;a
atetris;Tetris;a
eprom;Escape from the Planet of the Robot Monsters;a
skullxbo;Skull and Crossbones;a
badlands;Bad Lands;a
klax;Klax;a
thunderj;ThunderJaws;a
hydra;Hydra;a
pitfight;Pit Fighter;a
rampart;Rampart;a
shuuz;Shuuz;a
batman;Batman;a
roadriot;Road Riot 4WD;a
offtwall;Off the Wall;a
guardian;Guardians of the Hood;a
relief;Relief Pitcher;a
arcadecl;Arcade Classics;a
sparkz;Sparkz;a
motofren;Moto Frenzy;a
spclords;Space Lords;a
rrreveng;Road Riot's Revenge;a
beathead;BeatHead;a
tmek;T-MEK;a
primrage;Primal Rage;a
area51;Area 51;a
area51mx;Area 51 - Maximum Force Duo v2.0;a
maxforce;Maximum Force v1.05;a
vcircle;Vicious Circle;a
sasuke;Sasuke vs. Commander;a
satansat;Satan of Saturn;a
vanguard;Vanguard;a
fantasy;Fantasy;a
pballoon;Pioneer Balloon;a
nibbler;Nibbler;a
lasso;Lasso;a
chameleo;Chameleon;a
wwjgtin;Wai Wai Jockey Gate-In!;a
pinbo;Pinbo;a
joyfulr;Joyful Road;a
marvins;Marvin's Maze;a
madcrash;Mad Crasher;a
vangrd2;Vanguard II;a
jcross;Jumping Cross;a
mainsnk;Main Event;a
sgladiat;Gladiator 1984;a
hal21;HAL21;a
aso;ASO - Armored Scrum Object;a
tnk3;T.N.K. III;a
athena;Athena;a
fitegolf;Fighting Golf;a
ikari;Ikari Warriors;a
victroad;Victory Road;a
gwar;Guerrilla War;a
bermudat;Bermuda Triangle;a
psychos;Psycho Soldier;a
chopper;Chopper I;a
ftsoccer;Fighting Soccer;a
tdfever;TouchDown Fever;a
ikari3;Ikari III - The Rescue;a
pow;P.O.W. - Prisoners of War;a
searchar;SAR - Search And Rescue;a
streetsm;Street Smart;a
prehisle;Prehistoric Isle in 1930;a
mechatt;Mechanized Attack;a
bbusters;Beast Busters;a
shougi;Shougi;a
champbas;Champion Baseball;a
champbb2;Champion Baseball II;a
exctsccr;Exciting Soccer;a
equites;Equites;a
bullfgtr;Bull Fighter;a
kouyakyu;The Koukouyakyuh;a
splndrbt;Splendor Blast;a
hvoltage;High Voltage;a
sstingry;Super Stingray;a
kyros;Kyros;a
paddlema;Paddle Mania;a
timesold;Time Soldiers;a
skysoldr;Sky Soldiers;a
goldmedl;Gold Medalist;a
skyadvnt;Sky Adventure;a
gangwars;Gang Wars;a
sbasebal;Super Champion Baseball;a
tnexspce;The Next Space;a
scregg;Scrambled Egg;a
dommy;Dommy;a
bigprowr;The Big Pro Wrestling!;a
ssozumo;Syusse Oozumou;a
mystston;Mysterious Stones - Dr. John's Adventure;a
dogfgt;Acrobatic Dog-Fight;a
bogeyman;Bogey Manor;a
matmania;Mat Mania;a
maniach;Mania Challenge;a
renegade;Renegade;a
xsleena;Xain'd Sleena;a
battlane;Battle Lane! Vol. 5;a
ddragon;Double Dragon;a
spdodgeb;Super Dodge Ball;a
chinagat;China Gate;a
wwfsstar;WWF Superstars;a
vball;U.S. Championship V'ball;a
ddragon2;Double Dragon II - The Revenge;a
toffy;Toffy;a
stoffy;Super Toffy;a
ddungeon;Dangerous Dungeons;a
darktowr;Dark Tower;a
tstrike;Thunder Strike;a
ctribe;The Combatribes;a
blockout;Block Out;a
ddragon3;Double Dragon 3 - The Rosetta Stone;a
wwfwfest;WWF WrestleFest;a
shadfrce;Shadow Force;a
berzerk;Berzerk;a
frenzy;Frenzy;a
mazerbla;Mazer Blazer;a
greatgun;Great Guns;a
supdrapo;Super Draw Poker;a
toratora;Tora Tora;a
megatack;MegaTack;a
killcom;Killer Comet;a
challeng;Challenger;a
kaos;Kaos;a
sia2650;Super Invader Attack;a
dodgem;Dodgem;a
monymony;Money Money;a
jackrabt;Jack Rabbit;a
mouser;Mouser;a
nova2001;Nova 2001;a
ninjakun;Ninjakun Majou no Bouken;a
raiders5;Raiders5;a
pkunwar;Penguin-Kun Wars;a
xxmissio;XX Mission;a
ninjakd2;Ninja-Kid II;a
mnight;Mutant Night;a
arkarea;Ark Area;a
robokid;Atomic Robo-kid;a
omegaf;Omega Fighter;a
tharrier;Task Force Harrier;a
mustang;US AAF Mustang;a
bioship;Bio-ship Paladin;a
vandyke;Vandyke;a
blkheart;Black Heart;a
acrobatm;Acrobat Mission;a
strahl;Koutetsu Yousai Strahl;a
bjtwin;Bomb Jack Twin;a
tdragon2;Thunder Dragon 2;a
tdragon;Thunder Dragon;a
hachamf;Hacha Mecha Fighter;a
macross;Super Spacefortress Macross - Chou-Jikuu Yousai Macross;a
gunnail;GunNail;a
macross2;Super Spacefortress Macross II - Chou-Jikuu Yousai Macross II;a
sabotenb;Saboten Bombers;a
nouryoku;Nouryoku Koujou Iinkai;a
manybloc;Many Block;a
ssmissin;S.S. Mission;a
airattck;Air Attack;a
raphero;Rapid Hero;a
daireika;Mahjong Daireikai;a
mjzoomin;Mahjong Channel Zoom In;a
kakumei;Mahjong Kakumei;a
kakumei2;Mahjong Kakumei 2 - Princess League;a
quizpani;Quiz Panicuru Fantasy;a
macrossp;Macross Plus;a
quizmoon;Quiz Bisyoujo Senshi Sailor Moon - Chiryoku Tairyoku Toki no Un;a
gakupara;Quiz Gakuen Paradise;a
quizdna;Quiz DNA no Hanran;a
gekiretu;Quiz Gekiretsu Scramble;a
narc;Narc;a
trog;Trog;a
smashtv;Smash T.V.;a
hiimpact;High Impact Football;a
shimpact;Super High Impact;a
strkforc;Strike Force;a
mk;Mortal Kombat;a
term2;Terminator 2 - Judgment Day;a
totcarn;Total Carnage;a
mk2;Mortal Kombat II;a
jdreddp;Judge Dredd;a
nbajam;NBA Jam;a
revx;Revolution X;a
mk3;Mortal Kombat 3;a
wwfmania;WWF - Wrestlemania;a
openice;2 On 2 Open Ice Challenge;a
nbahangt;NBA Hangtime;a
rmpgwt;Rampage - World Tour;a
crusnusa;Cruis'n USA;a
crusnwld;Cruis'n World;a
offroadc;Off Road Challenge;a
wargods;War Gods;a
wg3dh;Wayne Gretzky's 3D Hockey;a
mace;Mace - The Dark Age;a
sfrush;San Francisco Rush;a
calspeed;California Speed;a
carnevil;CarnEvil;a
biofreak;BioFreaks;a
blitz;NFL Blitz;a
blitz99;NFL Blitz '99;a
blitz2k;NFL Blitz 2000;a
embargo;Embargo;a
tripool;Tri-Pool;a
jack;Jack the Giantkiller;a
zzyzzyxx;Zzyzzyxx;a
freeze;Freeze;a
sucasino;Super Casino;a
spacewar;Space Wars;a
barrier;Barrier;a
starcas;Star Castle;a
tailg;Tailgunner;a
ripoff;Rip Off;a
armora;Armor Attack;a
wotw;War of the Worlds;a
warrior;Warrior;a
starhawk;Star Hawk;a
solarq;Solar Quest;a
boxingb;Boxing Bugs;a
speedfrk;Speed Freak;a
sundance;Sundance;a
demon;Demon;a
cchasm;Cosmic Chasm;a
roundup;Round-Up;a
thepit;The Pit;a
dockman;Dock Man;a
funnymou;Funny Mouse;a
machomou;Macho Mouse;a
intrepid;Intrepid;a
zaryavos;Zarya Vostoka;a
timelimt;Time Limit;a
progress;Progress;a
bagman;Bagman;a
sbagman;Super Bagman;a
pickin;Pickin';a
botanic;Botanic;a
tankbust;Tank Busters;a
stinger;Stinger;a
scion;Scion;a
kungfut;Kung-Fu Taikun;a
wiz;Wiz;a
kncljoe;Knuckle Joe;a
empcity;Empire City - 1931;a
mustache;Mustache Boy;a
cshooter;Cross Shooter;a
deadang;Dead Angle;a
dynduke;Dynamite Duke;a
raiden;Raiden;a
sdgndmps;SD Gundam Psycho Salamander no Kyoui;a
dcon;D-Con;a
sengokmj;Sengoku Mahjong;a
raiden2;Raiden 2;a
cabal;Cabal;a
toki;Toki;a
bloodbro;Blood Bros.;a
skysmash;Sky Smasher;a
legionna;Legionnaire;a
heatbrl;Heated Barrel;a
godzilla;Godzilla;a
sdgndmrb;SD Gundam Sangokushi Rainbow Tairiku Senki;a
cupsoc;Seibu Cup Soccer;a
exerion;Exerion;a
pturn;Parallel Turn;a
fcombat;Field Combat;a
formatz;Formation Z;a
citycon;City Connection;a
momoko;Momoko 120%;a
argus;Argus;a
valtric;Valtric;a
butasan;Butasan;a
psychic5;Psychic 5;a
ginganin;Ginga NinkyouDen;a
skyfox;Sky Fox;a
homerun;Moero Pro Yakyuu Homerun;a
bigrun;Big Run;a
cischeat;Cisco Heat;a
f1gpstar;Grand Prix Star;a
f1gpstr2;F-1 Grand Prix Star II;a
scudhamm;Scud Hammer;a
tetrisp2;Tetris Plus 2;a
rockn;Rock'n Tread;a
rockn2;Rock'n Tread 2;a
rockn3;Rock'n 3;a
rockn4;Rock'n 4;a
lomakai;Legend of Makai;a
p47;P-47 - The Phantom Fighter;a
kickoff;Kick Off;a
tshingen;Takeda Shingen;a
iganinju;Iga Ninjyutsuden;a
astyanax;The Astyanax;a
hachoo;Hachoo!;a
jitsupro;Jitsuryoku!! Pro Yakyuu;a
plusalph;Plus Alpha;a
stdragon;Saint Dragon;a
rodland;Rod-Land;a
avspirit;Avenging Spirit;a
inyourfa;In Your Face;a
edf;E.D.F.  - Earth Defense Force;a
64street;64th. Street - A Detective Story;a
soldamj;Soldam;a
bigstrik;Big Striker;a
chimerab;Chimera Beast;a
cybattlr;Cybattler;a
peekaboo;Peek-a-Boo!;a
hayaosi1;Hayaoshi Quiz Ouza Ketteisen;a
bbbxing;Best Bout Boxing;a
47pie2;Idol Janshi Su-Chi-Pie 2;a
desertwr;Desert War - Wangan Sensou;a
gametngk;The Game Paradise - Master of Shooting! - Game Tengoku - The Game Paradise;a
tetrisp;Tetris Plus;a
p47aces;P-47 Aces;a
akiss;Mahjong Angel Kiss;a
gratia;Gratia - Second Earth;a
kirarast;Ryuusei Janshi Kirara Star;a
f1superb;F1 Super Battle;a
rabiolep;Rabio Lepus;a
svolley;Super Volleyball;a
tail2nos;Tail to Nose - Great Championship;a
ojankoc;Ojanko Club;a
ojankoy;Ojanko Yakata;a
ojanko2;Ojanko Yakata 2bankan;a
ccasino;Chinese Casino ;a
ojankohs;Ojanko High School;a
nekkyoku;Rettou Juudan Nekkyoku Janshi - Higashi Nippon Hen;a
idolmj;Idol-Mahjong Housoukyoku;a
mjnatsu;Mahjong Natsu Monogatari;a
mfunclub;Mahjong Fun Club - Idol Saizensen;a
daiyogen;Mahjong Daiyogen;a
nmsengen;Nekketsu Mahjong Sengen! AFTER 5;a
fromance;Idol-Mahjong Final Romance;a
pipedrm;Pipe Dream;a
hatris;Hatris;a
spinlbrk;Spinal Breakers;a
pspikes;Power Spikes;a
karatblz;Karate Blazers;a
turbofrc;Turbo Force;a
aerofgt;Aero Fighters;a
welltris;Welltris;a
quiz18k;Miyasu Nonki no Quiz 18-Kin;a
f1gp;F-1 Grand Prix;a
f1gp2;F-1 Grand Prix Part II;a
crshrace;Lethal Crash Race;a
taotaido;Tao Taido;a
gstriker;Grand Striker;a
vgoalsoc;V Goal Soccer;a
worldc94;World Cup '94;a
suprslam;Super Slams;a
fromanc2;Taisen Idol-Mahjong Final Romance 2;a
fromancr;Taisen Mahjong FinalRomance R;a
fromanc4;Taisen Mahjong FinalRomance 4;a
inufuku;Quiz and Variety Sukusuku Inufuku;a
samuraia;Samurai Aces;a
gunbird;Gunbird;a
btlkroad;Battle K-Road;a
s1945;Strikers 1945;a
tengai;Tengai - Sengoku Blade - Sengoku Ace Episode II;a
s1945ii;Strikers 1945 II;a
soldivid;Sol Divide - The Sword Of Darkness;a
sbomberb;Space Bomber;a
daraku;Daraku Tenshi - The Fallen Angels;a
gunbird2;Gunbird 2;a
s1945iii;Strikers 1945 III;a
dragnblz;Dragon Blaze;a
hotgmck;Taisen Hot Gimmick;a
hgkairak;Taisen Hot Gimmick Kairakuten;a
hotgmck3;Taisen Hot Gimmick 3 Digital Surfing;a
loderndf;Lode Runner - The Dig Fight;a
hotdebut;Quiz de Idol! Hot Debut;a
gnbarich;Gunbarich;a
tgm2;Tetris the Absolute The Grand Master 2;a
marineb;Marine Boy;a
changes;Changes;a
springer;Springer;a
hoccer;Hoccer;a
bcruzm12;Battle Cruiser M-12;a
hopprobo;Hopper Robo;a
wanted;Wanted;a
funkybee;Funky Bee;a
skylancr;Sky Lancer;a
zodiack;Zodiack;a
dogfight;Dog Fight;a
moguchan;Moguchan;a
percuss;The Percussor;a
bounty;The Bounty;a
espial;Espial;a
netwars;Net Wars;a
vastar;Vastar;a
xorworld;Xor World;a
bigkarnk;Big Karnak;a
splash;Splash!;a
thoop;Thunder Hoop;a
squash;Squash;a
wrally;World Rally;a
glass;Glass;a
targeth;Target Hits;a
thoop2;TH Strikes Back;a
aligator;Alligator Hunt;a
biomtoy;Biomechanical Toy;a
touchgo;Touch and Go;a
wrally2;World Rally 2 - Twin Racing;a
maniacsq;Maniac Square;a
snowboar;Snow Board Championship;a
bang;Bang!;a
airbustr;Air Buster;a
djboy;DJ Boy;a
galpanic;Gals Panic;a
galpani2;Gals Panic II;a
jchan;Jackie Chan - Kung Fu Master;a
berlwall;The Berlin Wall;a
mgcrystl;Magical Crystals;a
blazeon;Blaze On;a
sandscrp;Sand Scorpion;a
bakubrkr;Bakuretsu Breaker;a
shogwarr;Shogun Warriors;a
brapboys;B.Rap Boys;a
bloodwar;Blood Warrior;a
bonkadv;Bonk's Adventure;a
gtmr;Great 1000 Miles Rally;a
gtmr2;Mille Miglia 2 - Great 1000 Miles Rally;a
wingforc;Wing Force;a
packbang;Pack'n Bang Bang;a
hanaawas;Hana Awase;a
speedatk;Speed Attack!;a
srmp2;Super Real Mahjong Part 2;a
srmp3;Super Real Mahjong Part 3;a
mjyuugi;Mahjong Yuugi;a
ponchin;Mahjong Pon Chin Kan;a
tndrcade;Thundercade - Twin Formation;a
twineagl;Twin Eagle - Revenge Joe's Brother;a
downtown;DownTown;a
usclssic;U.S. Classic;a
calibr50;Caliber 50;a
arbalest;Arbalester;a
metafox;Meta Fox;a
drgnunit;Dragon Unit - Castle of Dragon;a
wits;Wit's;a
thunderl;Thunder and Lightning;a
rezon;Rezon;a
stg;Strike Gunner S.T.G;a
blandia;Blandia;a
blockcar;Block Carnival - Thunder and Lightning 2;a
qzkklogy;Quiz Kokology;a
neobattl;SD Gundam Neo Battling;a
umanclub;Ultraman Club - Tatakae! Ultraman Kyoudai!!;a
zingzip;Zing Zing Zip;a
atehate;Athena no Hatena [Q];a
jjsquawk;J. J. Squawkers;a
kamenrid;Masked Riders Club Battle Race;a
madshark;Mad Shark;a
msgundam;Mobile Suit Gundam;a
daioh;Daioh;a
oisipuzl;Oishii Puzzle Ha Irimasenka;a
utoukond;Ultra Toukon Densetsu;a
qzkklgy2;Quiz Kokology 2;a
wrofaero;War of Aero - Project MEIOU;a
eightfrc;Eight Forces;a
kiwame;Pro Mahjong Kiwame;a
krzybowl;Krazy Bowl;a
extdwnhl;Extreme Downhill;a
gundhara;Gundhara;a
sokonuke;Sokonuke Taisen Game;a
zombraid;Zombie Raid;a
gundamex;Mobile Suit Gundam EX Revue;a
grdians;Guardians - Denjin Makai II;a
mj4simai;Wakakusamonogatari Mahjong Yonshimai;a
myangel;Kosodate Quiz My Angel;a
myangel2;Kosodate Quiz My Angel 2;a
pzlbowl;Puzzle De Bowling;a
penbros;Penguin Brothers;a
srmp4;Super Real Mahjong PIV;a
twineag2;Twin Eagle II - The Rescue Mission;a
srmp7;Super Real Mahjong P7;a
survarts;Survival Arts;a
dynagear;Dyna Gears;a
eaglshot;Eagle Shot Golf;a
hypreact;Mahjong Hyper Reaction;a
koikois2;Koi Koi Shimasyo 2 - Super Real Hanafuda;a
meosism;Meosis Magic;a
hypreac2;Mahjong Hyper Reaction 2;a
sxyreact;Pachinko Sexy Reaction;a
cairblad;Change Air Blade;a
keithlcy;Dramatic Adventure Quiz Keith and Lucy;a
drifto94;Drift Out '94 - The Hard Order;a
janjans1;Lovely Pop Mahjong Jan Jan Shimasyo;a
stmblade;Storm Blade;a
mslider;Monster Slider;a
ryorioh;Gourmet Battle Quiz Ryohrioh CooKing;a
vasara;Vasara;a
vasara2;Vasara 2;a
gdfs;Mobile Suit Gundam Final Shooting;a
ultrax;Ultra X Weapons - Ultra Keibitai;a
jsk;Joryuu Syougi Kyoushitsu;a
powerins;Power Instinct;a
ohmygod;Oh My God!;a
naname;Naname de Magic!;a
blmbycar;Blomby Car;a
speakres;Speak and Rescue;a
route16;Route 16;a
ttmahjng;Mahjong;a
fnkyfish;Funky Fish;a
kangaroo;Kangaroo;a
arabian;Arabian;a
markham;Markham;a
strnskil;Strength and Skill;a
pettanp;Pettan Pyuu;a
ikki;Ikki;a
shanghai;Shanghai;a
shangha2;Shanghai II;a
shangha3;Shanghai III;a
heberpop;Hebereke no Popoon;a
blocken;Blocken;a
goindol;Goindol;a
rranger;Rough Ranger;a
sparkman;Spark Man;a
hardhead;Hard Head;a
starfigh;Star Fighter;a
hardhea2;Hard Head 2;a
brickzn;Brick Zone;a
bssoccer;Back Street Soccer;a
uballoon;Ultra Balloon;a
gundealr;Gun Dealer;a
yamyam;Yam! Yam![Q];a
lastday;The Last Day;a
gulfstrm;Gulf Storm;a
pollux;Pollux;a
bluehawk;Blue Hawk;a
sadari;Sadari;a
gundl94;Gun Dealer '94;a
superx;Super-X;a
rshark;R-Shark;a
leprechn;Leprechaun;a
beezer;Beezer;a
pushman;Pushman;a
bballs;Bouncing Balls;a
zerozone;Zero Zone;a
lvgirl94;Las Vegas Girl;a
hotpinbl;Hot Pinball;a
galspnbl;Gals Pinball;a
fantasia;Fantasia;a
newfant;New Fantasia;a
fantsy95;Fantasy '95;a
missw96;Miss World '96 Nude;a
fantsia2;Fantasia II;a
galhustl;Gals Hustler;a
sslam;Super Slam;a
bigtwin;Big Twin;a
wbeachvl;World Beach Volley;a
sharkatt;Shark Attack;a
thief;Thief;a
natodef;NATO Defense;a
mrflea;The Amazing Adventures of Mr. F. Lea;a
holeland;Hole Land;a
crzrally;Crazy Rally;a
speedbal;Speed Ball;a
sauro;Sauro;a
trckydoc;Tricky Doc;a
karatour;The Karate Tournament;a
ladykill;Lady Killer;a
pangpoms;Pang Poms;a
skyalert;Sky Alert;a
poitto;Poitto!;a
dharma;Dharma Doujou;a
lastfort;Last Fortress - Toride;a
toride2g;Toride II Adauchi Gaiden;a
daitorid;Daitoride;a
dokyusei;Mahjong Doukyuusei;a
dokyusp;Mahjong Doukyuusei Special;a
puzzli;Puzzli;a
3kokushi;Sankokushi;a
pururun;Pururun;a
balcube;Bal Cube;a
mouja;Mouja;a
bangball;Bang Bang Ball;a
gakusai;Mahjong Gakuensai;a
gakusai2;Mahjong Gakuensai 2;a
gunmast;Gun Master;a
msgogo;Mouse Shooter GoGo;a
blzntrnd;Blazing Tornado;a
gstrik2;Grand Striker 2;a
hyprduel;Hyper Duel;a
spcforce;Space Force;a
looping;Looping;a
skybump;Sky Bumper;a
suprridr;Super Rider;a
paradise;Paradise;a
tgtball;Target Ball;a
cannball;Cannon Ball;a
magix;Magix - Rock;a
magicbub;Magic Bubble;a
shocking;Shocking;a
blueprnt;Blue Print;a
saturn;Saturn;a
gogomile;Go Go! Mile Smile;a
pbancho;Gyakuten!! Puzzle Bancho;a
asurabld;Asura Blade - Sword of Dynasty;a
asurabus;Asura Buster - Eternal Warriors;a
drgnmst;Dragon Master;a
burglarx;Burglar X;a
zeropnt;Zero Point;a
zeropnt2;Zero Point 2;a
silkroad;The Legend of Silkroad;a
stagger1;Stagger I;a
grdnstrm;Sen Jin - Guardian Storm;a
bubl2000;Bubble 2000;a
multchmp;Multi Champ;a
hedpanic;Head Panic;a
mchampdx;Multi Champ Deluxe;a
deluxe5;Deluxe 5;a
tangtang;Tang Tang;a
swatpolc;SWAT Police;a
royalmah;Royal Mahjong;a
suzume;Watashiha Suzumechan;a
hnayayoi;Hana Yayoi;a
dondenmj;Don Den Mahjong ;a
mjdiplob;Mahjong Diplomat ;a
untoucha;Untouchable;a
tontonb;Tonton ;a
hanamai;Hana no Mai;a
majs101b;Mahjong Studio 101 ;a
mjderngr;Mahjong Derringer;a
hnoridur;Hana Oriduru;a
drgpunch;Dragon Punch;a
mjfriday;Mahjong Friday;a
mjifb;Mahjong If ;a
maya;Maya;a
roldfrog;The Return of Lady Frog;a
mcnpshnt;Mahjong Campus Hunting;a
7jigen;7jigen no Youseitachi - Mahjong 7 Dimensions;a
mjdialq2;Mahjong Dial Q2;a
yarunara;Mahjong Yarunara;a
mjangels;Mahjong Angels - Comic Theater Vol.2;a
quiztvqq;Quiz TV Gassyuukoku QandQ;a
mmpanic;Monkey Mole Panic;a
quizchq;Quiz Channel Question;a
quiz365;Quiz 365;a
rongrong;Rong Rong;a
nettoqc;Nettoh Quiz Champion;a
ddenlovr;Don Den Lover Vol. 1;a
hanakanz;Hanakanzashi;a
realbrk;Billiard Academy Real Break;a
nyny;New York New York;a
r2dtank;R2D Tank;a
spiders;Spiders;a
iqblock;IQ-Block;a
grndtour;Grand Tour;a
cabaret;Cabaret;a
drgnwrld;Dragon World;a
vbowl;Virtua Bowling;a
grtwall;The Great Wall;a
hitme;Hit Me;a
barricad;Barricade;a
starcrus;Star Cruiser;a
battlex;Battle Cross;a
carjmbre;Car Jamboree;a
popper;Popper;a
speedspn;Speed Spin;a
kickgoal;Kick Goal;a
usg32;Super Duper Casino;a
usg83;Super Ten V8.3;a
usg185;Games V18.7C;a
usg252;Games V25.4X;a
mermaid;Mermaid;a
rougien;Rougien;a
drmicro;Dr. Micro;a
appoooh;Appoooh;a
bankp;Bank Panic;a
mjkjidai;Mahjong Kyou Jidai;a
mayumi;Kikiippatsu Mayumi-chan;a
btoads;Battle Toads;a
kinst;Killer Instinct;a
kinst2;Killer Instinct 2;a
gigasb;Gigas;a
gigasm2b;Gigas Mark II;a
pbillrd;Perfect Billiard;a
freekick;Free Kick;a
countrun;Counter Run;a
rmhaihai;Real Mahjong Haihai;a
rmhaijin;Real Mahjong Haihai Jinji Idou Hen;a
rmhaisei;Real Mahjong Haihai Seichouhen;a
themj;The Mah-jong;a
hanaroku;Hanaroku;a
yumefuda;Yumefuda ;a
hourouki;Mahjong Hourouki Part 1 - Seisyun Hen;a
mhgaiden;Mahjong Hourouki Gaiden;a
mjhokite;Mahjong Hourouki Okite;a
mjclinic;Mahjong Clinic;a
mrokumei;Mahjong Rokumeikan;a
reikaids;Reikai Doushi;a
mjkojink;Mahjong Kojinkyouju;a
vitaminc;Mahjong Vitamin C;a
mjyougo;Mahjong-yougo no Kisotairyoku;a
lemnangl;Mahjong Lemon Angel;a
mjkinjas;Mahjong Kinjirareta Asobi;a
battlcry;Battlecry;a
jogakuen;Mahjong Jogakuen;a
mjikaga;Mahjong Ikaga Desu ka;a
ultennis;Ultimate Tennis;a
cheesech;Cheese Chase;a
stonebal;Stone Ball;a
dynamski;Dynamic Ski;a
chinhero;Chinese Hero;a
shangkid;Shanghai Kid;a
astinvad;Astro Invader;a
spcking2;Space King 2;a
spaceint;Space Intruder;a
spacefb;Space Firebird;a
omegrace;Omega Race;a
dday;D-Day;a
hexa;Hexa;a
stactics;Space Tactics;a
exterm;Exterminator;a
kingofb;King of Boxer;a
ambush;Ambush;a
dlair;Dragon's Lair;a
aztarac;Aztarac;a
mole;Mole Attack;a
thehand;The Hand;a
mrjong;Mr. Jong;a
polyplay;Poly-Play;a
amspdwy;American Speedway;a
othldrby;Othello Derby;a
mosaic;Mosaic;a
gfire2;Golden Fire II;a
spdbuggy;Speed Buggy;a
sprcros2;Super Cross 2;a
mugsmash;Mug Smashers;a
stlforce;Steel Force;a
fantland;Fantasy Land;a
galaxygn;Galaxy Gunners;a
gcpinbal;Grand Cross;a
aquarium;Aquarium;a
policetr;Police Trainer;a
sshooter;Sharpshooter;a
pass;Pass;a
news;News;a
taxidrvr;Taxi Driver;a
xyonix;Xyonix;a
findout;Find Out;a
dribling;Dribbling;a
ace;Ace;a
clayshoo;Clay Shoot;a
pirates;Pirates;a
genix;Genix Family;a
fitfight;Fit of Fighting;a
histryma;The History of Martial Arts;a
bbprot;Untitled Fighter 'BB';a
flower;Flower;a
diverboy;Diver Boy;a
beaminv;Beam Invader;a
mcatadv;Magical Cat Adventure;a
nost;Nostradamus;a
4enraya;4 En Raya;a
oneshot;One Shot One Kill;a
maddonna;Mad Donna;a
tugboat;Tugboat;a
gotcha;Got-cha;a
amerdart;AmeriDarts;a
coolpool;Cool Pool;a
gumbo;Gumbo;a
trivquiz;Triv Quiz;a
statriv2;Triv Two;a
supertr2;Super Triv II;a
tickee;Tickee Tickats;a
crgolf;Crowns Golf;a
truco;Truco-Tron;a
thedeep;The Deep;a
wallc;Wall Crash;a
skyarmy;Sky Army;a
lethalj;Lethal Justice;a
eggventr;Egg Venture;a
rotaryf;Rotary Fighter;a
sbugger;Space Bugger;a
portrait;Portraits;a
enigma2;Enigma 2;a
ltcasino;Little Casino;a
ltcasin2;Little Casino 2;a
vamphalf;Vamp 1-2;a
hidnctch;Hidden Catch;a
landbrk;Land Breaker;a
racoon;Racoon World;a
xfiles;X-Files;a
strvmstr;Super Trivia Master;a
dorachan;Dorachan;a
ladyfrog;Lady Frog;a
rabbit;Rabbit;a
tmmjprd;Tokimeki Mahjong Paradise - Dear My Love;a
malzak;Malzak;a
supertnk;Super Tank;a
crospang;Cross Pang;a
funybubl;Funny Bubble;a
baryon;Baryon - Future Assault;a
cutefght;Cute Fighter;a
dreamwld;Dream World;a
gaialast;Gaia - The Last Choice of Earth;a
rolcrush;Rolling Crush;a
denjinmk;Denjin Makai;a
mwarr;Mighty Warriors;a
darkmist;The Lost Castle in Darkmist;a
vmetal;Varia Metal;a
ket;Ketsui Kizuna Jigoku Tachi;a
ddp3;DoDonPachi Dai-Ou-Jou;a
espgal;EspGaluda;a
vf;Virtua Fighter;a
1945kiii;1945k III;a
flagrall;96 Flag Rally;a
nam1975;NAM-1975;a
bstars;Baseball Stars Professional;a
tpgolf;Top Player's Golf;a
mahretsu;Mahjong Kyoretsuden;a
maglord;Magician Lord ;a
ridhero;Riding Hero ;a
alpham2;Alpha Mission II - ASO II - Last Guardian;a
ncombat;Ninja Combat;a
cyberlip;Cyber-Lip;a
superspy;The Super Spy;a
mutnat;Mutation Nation;a
kotm;King of the Monsters ;a
sengoku;Sengoku - Sengoku Denshou ;a
burningf;Burning Fight ;a
lbowling;League Bowling;a
gpilots;Ghost Pilots;a
joyjoy;Puzzled - Joy Joy Kid;a
bjourney;Blue's Journey - Raguy;a
quizdais;Quiz Daisousa Sen - The Last Count Down;a
lresort;Last Resort;a
eightman;Eight Man;a
minasan;Minnasanno Okagesamadesu;a
legendos;Legend of Success Joe - Ashitano Joe Densetsu;a
2020bb;2020 Super Baseball ;a
socbrawl;Soccer Brawl;a
roboarmy;Robo Army;a
fatfury1;Fatal Fury - King of Fighters - Garou Densetsu - Shukumei no Tatakai;a
fbfrenzy;Football Frenzy;a
bakatono;Bakatonosama Mahjong Manyuki;a
crsword;Crossed Swords;a
trally;Thrash Rally;a
kotm2;King of the Monsters 2 - The Next Thing;a
sengoku2;Sengoku 2 - Sengoku Denshou 2;a
bstars2;Baseball Stars 2;a
quizdai2;Quiz Meitantei Neo and Geo - Quiz Daisousa Sen part 2;a
3countb;3 Count Bout - Fire Suplex ;a
aof;Art of Fighting - Ryuuko no Ken;a
samsho;Samurai Shodown - Samurai Spirits;a
tophuntr;Top Hunter - Roddy and Cathy;a
fatfury2;Fatal Fury 2 - Garou Densetsu 2 - Arata-naru Tatakai;a
janshin;Jyanshin Densetsu - Quest of Jongmaster;a
androdun;Andro Dunos;a
ncommand;Ninja Commando;a
viewpoin;Viewpoint;a
ssideki;Super Sidekicks - Tokuten Ou;a
wh1;World Heroes ;a
kof94;The King of Fighters '94;a
aof2;Art of Fighting 2 - Ryuuko no Ken 2;a
wh2;World Heroes 2;a
fatfursp;Fatal Fury Special - Garou Densetsu Special ;a
savagere;Savage Reign - Fu'un Mokushiroku - kakutou sousei;a
fightfev;Fight Fever ;a
ssideki2;Super Sidekicks 2 - The World Championship - Tokuten Ou 2 - Real Fight Football;a
spinmast;Spin Master - Miracle Adventure;a
samsho2;Samurai Shodown II - Shin Samurai Spirits - Haohmaru jigokuhen;a
wh2j;World Heroes 2 Jet;a
wjammers;Windjammers - Flying Power Disc;a
karnovr;Karnov's Revenge - Fighter's History Dynamite;a
gururin;Gururin;a
pspikes2;Power Spikes II;a
fatfury3;Fatal Fury 3 - Road to the Final Victory - Garou Densetsu 3 - Haruka-naru Tatakai;a
panicbom;Panic Bomber;a
aodk;Aggressors of Dark Kombat - Tsuukai GANGAN Koushinkyoku;a
sonicwi2;Aero Fighters 2 - Sonic Wings 2;a
zedblade;Zed Blade - Operation Ragnarok;a
galaxyfg;Galaxy Fight - Universal Warriors;a
strhoop;Street Hoop - Street Slam - Dunk Dream;a
quizkof;Quiz King of Fighters;a
ssideki3;Super Sidekicks 3 - The Next Glory - Tokuten Ou 3 - eikoue no michi;a
doubledr;Double Dragon ;a
pbobblen;Puzzle Bobble - Bust-A-Move  ;a
kof95;The King of Fighters '95 ;a
tws96;Tecmo World Soccer '96;a
samsho3;Samurai Shodown III - Samurai Spirits - Zankurou Musouken;a
stakwin;Stakes Winner - Stakes Winner - GI kinzen seihae no michi;a
pulstar;Pulstar;a
whp;World Heroes Perfect;a
kabukikl;Far East of Eden - Kabuki Klash - Tengai Makyou - Shin Den;a
neobombe;Neo Bomberman;a
gowcaizr;Voltage Fighter - Gowcaizer - Choujin Gakuen Gowcaizer;a
rbff1;Real Bout Fatal Fury - Real Bout Garou Densetsu;a
aof3;Art of Fighting 3 - The Path of the Warrior - Art of Fighting - Ryuuko no Ken Gaiden;a
sonicwi3;Aero Fighters 3 - Sonic Wings 3;a
turfmast;Neo Turf Masters - Big Tournament Golf;a
mslug;Metal Slug - Super Vehicle-001;a
puzzledp;Puzzle De Pon!;a
mosyougi;Syougi No Tatsujin - Master of Syougi;a
marukodq;Chibi Marukochan Deluxe Quiz;a
neomrdo;Neo Mr. Do!;a
sdodgeb;Super Dodge Ball - Kunio no Nekketsu Toukyuu Densetsu;a
goalx3;Goal! Goal! Goal!;a
overtop;Over Top;a
neodrift;Neo Drift Out - New Technology;a
kof96;The King of Fighters '96 ;a
ssideki4;Ultimate 11 - The SNK Football Championship - Tokuten Ou - Honoo no Libero, The;a
kizuna;Kizuna Encounter - Super Tag Battle - Fu'un Super Tag Battle;a
ninjamas;Ninja Master's - Haoh-ninpo-cho;a
ragnagrd;Ragnagard - Shin-Oh-Ken;a
pgoal;Pleasure Goal - Futsal - 5 on 5 Mini Soccer;a
magdrop2;Magical Drop II;a
samsho4;Samurai Shodown IV - Amakusa's Revenge - Samurai Spirits - Amakusa Kourin;a
rbffspec;Real Bout Fatal Fury Special - Real Bout Garou Densetsu Special;a
twinspri;Twinkle Star Sprites;a
wakuwak7;Waku Waku 7;a
stakwin2;Stakes Winner 2;a
breakers;Breakers;a
miexchng;Money Puzzle Exchanger - Money Idol Exchanger;a
kof97;The King of Fighters '97 ;a
magdrop3;Magical Drop III;a
lastblad;Last Blade - Bakumatsu Roman - Gekka no Kenshi, The ;a
irrmaze;The Irritating Maze - Ultra Denryu Iraira Bou;a
popbounc;Pop 'n Bounce - Gapporin;a
shocktro;Shock Troopers ;a
blazstar;Blazing Star;a
rbff2;Real Bout Fatal Fury 2 - The Newcomers - Real Bout Garou Densetsu 2 - The Newcomers ;a
mslug2;Metal Slug 2 - Super Vehicle-001-II;a
kof98;The King of Fighters '98 - The Slugfest - King of Fighters '98 - Dream Match Never Ends;a
lastbld2;Last Blade 2 - Bakumatsu Roman - Dai Ni Maku Gekka no Kenshi, The;a
neocup98;Neo-Geo Cup '98 - The Road to the Victory;a
shocktr2;Shock Troopers - 2nd Squad;a
flipshot;Battle Flip Shot;a
pbobbl2n;Puzzle Bobble 2 - Bust-A-Move Again ;a
ctomaday;Captain Tomaday;a
mslugx;Metal Slug X - Super Vehicle-001;a
kof99;The King of Fighters '99 - Millennium Battle ;a
ganryu;Musashi Ganryuuki;a
garou;Garou - Mark of the Wolves ;a
s1945p;Strikers 1945 Plus;a
preisle2;Prehistoric Isle 2;a
mslug3;Metal Slug 3;a
kof2000;The King of Fighters 2000;a
bangbead;Bang Bead;a
nitd;Nightmare in the Dark;a
bbbuster;Bang Bang Busters;a
ghostlop;Ghostlop;a
ironclad;Choutetsu Brikin'ger - Ironclad ;a
sengoku3;Sengoku 3;a
zupapa;Zupapa!;a
kof2001;The King of Fighters 2001;a
kof2002;The King of Fighters 2002;a
mslug4;Metal Slug 4;a
rotd;Rage of the Dragons;a
matrim;Power Instinct Matrimelee;a
pnyaa;Pochi and Nyaa;a
svcboot;Snk Vs Capcom  - Svc Chaos ;a
samsho5;Samurai Shodown V;a
samsh5sp;Samurai Shodown V Special;a
mslug5;Metal Slug 5;a
kof2003d;The King of Fighters 2003 ;a
crswd2bl;Crossed Swords 2;a
zintrckb;Zintrick - Oshidashi Zentrix ;a
lasthope;Last Hope;a
